hero,role,level,source,slot,ability,metric,value
avery,Tank,1,stat,,,health,648.0
avery,Tank,1,stat,,,weapon,48.0
avery,Tank,1,stat,,,magic,30.0
avery,Tank,1,stat,,,armor,30.0
avery,Tank,1,stat,,,magic_resist,25.0
avery,Tank,1,stat,,,move_speed,486.0
avery,Tank,1,derived,,,effective_hp_physical,842.4
avery,Tank,1,derived,,,effective_hp_magic,810.0
avery,Tank,1,ability,primary,sunblade_slash,cooldown,0.0
avery,Tank,1,ability,primary,sunblade_slash,combo_steps/1/damage,18.0
avery,Tank,1,ability,primary,sunblade_slash,combo_steps/2/damage,18.0
avery,Tank,1,ability,primary,sunblade_slash,combo_steps/3/damage,31.2
avery,Tank,1,ability,primary,sunblade_slash,swing_projectile_damage,8.88
avery,Tank,1,ability,ability_1,searing_cut,cooldown,7.0
avery,Tank,1,ability,ability_1,searing_cut,range,190.0
avery,Tank,1,ability,ability_1,searing_cut,damage,63.3
avery,Tank,1,ability,ability_1,searing_cut,heal_per_target,41.5
avery,Tank,1,ability,ability_1,searing_cut,heal_cap,82.0
avery,Tank,1,ability,movement,solar_charge,cooldown,9.0
avery,Tank,1,ability,movement,solar_charge,trail_zone/tick_damage,8.6
avery,Tank,1,ability,cc,dawnbreaker,cooldown,11.0
avery,Tank,1,ability,cc,dawnbreaker,range,150.0
avery,Tank,1,ability,cc,dawnbreaker,damage,58.0
avery,Tank,1,ability,ultimate,phoenix_rebirth,cooldown,100.0
avery,Tank,1,ability,ultimate,phoenix_rebirth,range,300.0
avery,Tank,1,ability,ultimate,phoenix_rebirth,damage,90.0
avery,Tank,5,stat,,,health,907.2
avery,Tank,5,stat,,,weapon,64.0
avery,Tank,5,stat,,,magic,50.0
avery,Tank,5,stat,,,armor,42.0
avery,Tank,5,stat,,,magic_resist,33.0
avery,Tank,5,stat,,,move_speed,486.0
avery,Tank,5,derived,,,effective_hp_physical,1288.224
avery,Tank,5,derived,,,effective_hp_magic,1206.576
avery,Tank,5,ability,primary,sunblade_slash,cooldown,0.0
avery,Tank,5,ability,primary,sunblade_slash,combo_steps/1/damage,22.0
avery,Tank,5,ability,primary,sunblade_slash,combo_steps/2/damage,22.0
avery,Tank,5,ability,primary,sunblade_slash,combo_steps/3/damage,37.6
avery,Tank,5,ability,primary,sunblade_slash,swing_projectile_damage,11.84
avery,Tank,5,ability,ability_1,searing_cut,cooldown,6.2
avery,Tank,5,ability,ability_1,searing_cut,range,190.0
avery,Tank,5,ability,ability_1,searing_cut,damage,79.9
avery,Tank,5,ability,ability_1,searing_cut,heal_per_target,58.5
avery,Tank,5,ability,ability_1,searing_cut,heal_cap,100.0
avery,Tank,5,ability,movement,solar_charge,cooldown,8.0
avery,Tank,5,ability,movement,solar_charge,trail_zone/tick_damage,11.0
avery,Tank,5,ability,cc,dawnbreaker,cooldown,9.8
avery,Tank,5,ability,cc,dawnbreaker,range,150.0
avery,Tank,5,ability,cc,dawnbreaker,damage,72.0
avery,Tank,5,ability,ultimate,phoenix_rebirth,cooldown,88.0
avery,Tank,5,ability,ultimate,phoenix_rebirth,range,300.0
avery,Tank,5,ability,ultimate,phoenix_rebirth,damage,142.0
avery,Tank,10,stat,,,health,1231.2
avery,Tank,10,stat,,,weapon,84.0
avery,Tank,10,stat,,,magic,75.0
avery,Tank,10,stat,,,armor,57.0
avery,Tank,10,stat,,,magic_resist,43.0
avery,Tank,10,stat,,,move_speed,486.0
avery,Tank,10,derived,,,effective_hp_physical,1932.984
avery,Tank,10,derived,,,effective_hp_magic,1760.616
avery,Tank,10,ability,primary,sunblade_slash,cooldown,0.0
avery,Tank,10,ability,primary,sunblade_slash,combo_steps/1/damage,27.0
avery,Tank,10,ability,primary,sunblade_slash,combo_steps/2/damage,27.0
avery,Tank,10,ability,primary,sunblade_slash,combo_steps/3/damage,45.6
avery,Tank,10,ability,primary,sunblade_slash,swing_projectile_damage,15.54
avery,Tank,10,ability,ability_1,searing_cut,cooldown,5.2
avery,Tank,10,ability,ability_1,searing_cut,range,190.0
avery,Tank,10,ability,ability_1,searing_cut,damage,100.65
avery,Tank,10,ability,ability_1,searing_cut,heal_per_target,79.75
avery,Tank,10,ability,ability_1,searing_cut,heal_cap,122.5
avery,Tank,10,ability,movement,solar_charge,cooldown,6.75
avery,Tank,10,ability,movement,solar_charge,trail_zone/tick_damage,14.0
avery,Tank,10,ability,cc,dawnbreaker,cooldown,8.3
avery,Tank,10,ability,cc,dawnbreaker,range,150.0
avery,Tank,10,ability,cc,dawnbreaker,damage,89.5
avery,Tank,10,ability,ultimate,phoenix_rebirth,cooldown,73.0
avery,Tank,10,ability,ultimate,phoenix_rebirth,range,300.0
avery,Tank,10,ability,ultimate,phoenix_rebirth,damage,207.0
avery,Tank,15,stat,,,health,1555.2
avery,Tank,15,stat,,,weapon,104.0
avery,Tank,15,stat,,,magic,100.0
avery,Tank,15,stat,,,armor,72.0
avery,Tank,15,stat,,,magic_resist,53.0
avery,Tank,15,stat,,,move_speed,486.0
avery,Tank,15,derived,,,effective_hp_physical,2674.944
avery,Tank,15,derived,,,effective_hp_magic,2379.456
avery,Tank,15,ability,primary,sunblade_slash,cooldown,0.0
avery,Tank,15,ability,primary,sunblade_slash,combo_steps/1/damage,32.0
avery,Tank,15,ability,primary,sunblade_slash,combo_steps/2/damage,32.0
avery,Tank,15,ability,primary,sunblade_slash,combo_steps/3/damage,53.6
avery,Tank,15,ability,primary,sunblade_slash,swing_projectile_damage,19.24
avery,Tank,15,ability,ability_1,searing_cut,cooldown,4.2
avery,Tank,15,ability,ability_1,searing_cut,range,190.0
avery,Tank,15,ability,ability_1,searing_cut,damage,121.4
avery,Tank,15,ability,ability_1,searing_cut,heal_per_target,101.0
avery,Tank,15,ability,ability_1,searing_cut,heal_cap,145.0
avery,Tank,15,ability,movement,solar_charge,cooldown,5.5
avery,Tank,15,ability,movement,solar_charge,trail_zone/tick_damage,17.0
avery,Tank,15,ability,cc,dawnbreaker,cooldown,6.8
avery,Tank,15,ability,cc,dawnbreaker,range,150.0
avery,Tank,15,ability,cc,dawnbreaker,damage,107.0
avery,Tank,15,ability,ultimate,phoenix_rebirth,cooldown,58.0
avery,Tank,15,ability,ultimate,phoenix_rebirth,range,300.0
avery,Tank,15,ability,ultimate,phoenix_rebirth,damage,272.0
avery,Tank,20,stat,,,health,1879.2
avery,Tank,20,stat,,,weapon,124.0
avery,Tank,20,stat,,,magic,125.0
avery,Tank,20,stat,,,armor,87.0
avery,Tank,20,stat,,,magic_resist,63.0
avery,Tank,20,stat,,,move_speed,486.0
avery,Tank,20,derived,,,effective_hp_physical,3514.104
avery,Tank,20,derived,,,effective_hp_magic,3063.096
avery,Tank,20,ability,primary,sunblade_slash,cooldown,0.0
avery,Tank,20,ability,primary,sunblade_slash,combo_steps/1/damage,37.0
avery,Tank,20,ability,primary,sunblade_slash,combo_steps/2/damage,37.0
avery,Tank,20,ability,primary,sunblade_slash,combo_steps/3/damage,61.6
avery,Tank,20,ability,primary,sunblade_slash,swing_projectile_damage,22.94
avery,Tank,20,ability,ability_1,searing_cut,cooldown,3.2
avery,Tank,20,ability,ability_1,searing_cut,range,190.0
avery,Tank,20,ability,ability_1,searing_cut,damage,142.15
avery,Tank,20,ability,ability_1,searing_cut,heal_per_target,122.25
avery,Tank,20,ability,ability_1,searing_cut,heal_cap,167.5
avery,Tank,20,ability,movement,solar_charge,cooldown,4.25
avery,Tank,20,ability,movement,solar_charge,trail_zone/tick_damage,20.0
avery,Tank,20,ability,cc,dawnbreaker,cooldown,5.3
avery,Tank,20,ability,cc,dawnbreaker,range,150.0
avery,Tank,20,ability,cc,dawnbreaker,damage,124.5
avery,Tank,20,ability,ultimate,phoenix_rebirth,cooldown,43.0
avery,Tank,20,ability,ultimate,phoenix_rebirth,range,300.0
avery,Tank,20,ability,ultimate,phoenix_rebirth,damage,337.0
butler,Tank,1,stat,,,health,810.0
butler,Tank,1,stat,,,weapon,38.0
butler,Tank,1,stat,,,magic,20.0
butler,Tank,1,stat,,,armor,38.0
butler,Tank,1,stat,,,magic_resist,30.0
butler,Tank,1,stat,,,move_speed,459.0
butler,Tank,1,derived,,,effective_hp_physical,1117.8
butler,Tank,1,derived,,,effective_hp_magic,1053.0
butler,Tank,1,ability,primary,cane,cooldown,0.0
butler,Tank,1,ability,primary,cane,combo_steps/1/damage,21.3
butler,Tank,1,ability,primary,cane,combo_steps/2/damage,21.3
butler,Tank,1,ability,primary,cane,combo_steps/3/damage,34.9
butler,Tank,1,ability,ability_1,vampiric_cloak,cooldown,0.0
butler,Tank,1,ability,ability_1,vampiric_cloak,range,110.0
butler,Tank,1,ability,ability_1,vampiric_cloak,blocker_hp,400.0
butler,Tank,1,ability,movement,at_your_service,cooldown,10.0
butler,Tank,1,ability,movement,at_your_service,values/short_distance,250.0
butler,Tank,1,ability,cc,polite_refusal,cooldown,9.0
butler,Tank,1,ability,cc,polite_refusal,range,200.0
butler,Tank,1,ability,cc,polite_refusal,damage,40.2
butler,Tank,1,ability,ultimate,dinner_is_served,cooldown,80.0
butler,Tank,1,ability,ultimate,dinner_is_served,range,130.0
butler,Tank,1,ability,ultimate,dinner_is_served,damage,72.0
butler,Tank,1,ability,passive,hunger,cooldown,0.0
butler,Tank,1,ability,passive,hunger,values/max_hunger,100.0
butler,Tank,1,ability,passive,hunger,values/hunger_per_hp_percent,1.0
butler,Tank,1,ability,passive,hunger,values/hunger_per_second,1.0
butler,Tank,1,ability,passive,hunger,values/combat_window,3.0
butler,Tank,1,ability,passive,hunger,values/starving_duration,8.0
butler,Tank,1,ability,passive,hunger,values/recover_armor_delay,0.6
butler,Tank,5,stat,,,health,1150.0
butler,Tank,5,stat,,,weapon,55.778
butler,Tank,5,stat,,,magic,31.111
butler,Tank,5,stat,,,armor,52.222
butler,Tank,5,stat,,,magic_resist,39.778
butler,Tank,5,stat,,,move_speed,459.0
butler,Tank,5,derived,,,effective_hp_physical,1750.558
butler,Tank,5,derived,,,effective_hp_magic,1607.442
butler,Tank,5,ability,primary,cane,cooldown,0.0
butler,Tank,5,ability,primary,cane,combo_steps/1/damage,31.522
butler,Tank,5,ability,primary,cane,combo_steps/2/damage,31.522
butler,Tank,5,ability,primary,cane,combo_steps/3/damage,50.678
butler,Tank,5,ability,ability_1,vampiric_cloak,cooldown,0.0
butler,Tank,5,ability,ability_1,vampiric_cloak,range,110.0
butler,Tank,5,ability,ability_1,vampiric_cloak,blocker_hp,711.111
butler,Tank,5,ability,movement,at_your_service,cooldown,10.0
butler,Tank,5,ability,movement,at_your_service,values/short_distance,250.0
butler,Tank,5,ability,cc,polite_refusal,cooldown,9.0
butler,Tank,5,ability,cc,polite_refusal,range,200.0
butler,Tank,5,ability,cc,polite_refusal,damage,63.311
butler,Tank,5,ability,ultimate,dinner_is_served,cooldown,80.0
butler,Tank,5,ability,ultimate,dinner_is_served,range,130.0
butler,Tank,5,ability,ultimate,dinner_is_served,damage,110.667
butler,Tank,5,ability,passive,hunger,cooldown,0.0
butler,Tank,5,ability,passive,hunger,values/max_hunger,100.0
butler,Tank,5,ability,passive,hunger,values/hunger_per_hp_percent,1.0
butler,Tank,5,ability,passive,hunger,values/hunger_per_second,1.0
butler,Tank,5,ability,passive,hunger,values/combat_window,3.0
butler,Tank,5,ability,passive,hunger,values/starving_duration,8.0
butler,Tank,5,ability,passive,hunger,values/recover_armor_delay,0.6
butler,Tank,10,stat,,,health,1575.0
butler,Tank,10,stat,,,weapon,78.0
butler,Tank,10,stat,,,magic,45.0
butler,Tank,10,stat,,,armor,70.0
butler,Tank,10,stat,,,magic_resist,52.0
butler,Tank,10,stat,,,move_speed,459.0
butler,Tank,10,derived,,,effective_hp_physical,2677.506
butler,Tank,10,derived,,,effective_hp_magic,2393.994
butler,Tank,10,ability,primary,cane,cooldown,0.0
butler,Tank,10,ability,primary,cane,combo_steps/1/damage,44.3
butler,Tank,10,ability,primary,cane,combo_steps/2/damage,44.3
butler,Tank,10,ability,primary,cane,combo_steps/3/damage,70.4
butler,Tank,10,ability,ability_1,vampiric_cloak,cooldown,0.0
butler,Tank,10,ability,ability_1,vampiric_cloak,range,110.0
butler,Tank,10,ability,ability_1,vampiric_cloak,blocker_hp,1100.0
butler,Tank,10,ability,movement,at_your_service,cooldown,10.0
butler,Tank,10,ability,movement,at_your_service,values/short_distance,250.0
butler,Tank,10,ability,cc,polite_refusal,cooldown,9.0
butler,Tank,10,ability,cc,polite_refusal,range,200.0
butler,Tank,10,ability,cc,polite_refusal,damage,92.2
butler,Tank,10,ability,ultimate,dinner_is_served,cooldown,80.0
butler,Tank,10,ability,ultimate,dinner_is_served,range,130.0
butler,Tank,10,ability,ultimate,dinner_is_served,damage,159.0
butler,Tank,10,ability,passive,hunger,cooldown,0.0
butler,Tank,10,ability,passive,hunger,values/max_hunger,100.0
butler,Tank,10,ability,passive,hunger,values/hunger_per_hp_percent,1.0
butler,Tank,10,ability,passive,hunger,values/hunger_per_second,1.0
butler,Tank,10,ability,passive,hunger,values/combat_window,3.0
butler,Tank,10,ability,passive,hunger,values/starving_duration,8.0
butler,Tank,10,ability,passive,hunger,values/recover_armor_delay,0.6
butler,Tank,15,stat,,,health,2000.0
butler,Tank,15,stat,,,weapon,100.222
butler,Tank,15,stat,,,magic,58.889
butler,Tank,15,stat,,,armor,87.778
butler,Tank,15,stat,,,magic_resist,64.222
butler,Tank,15,stat,,,move_speed,459.0
butler,Tank,15,derived,,,effective_hp_physical,3755.568
butler,Tank,15,derived,,,effective_hp_magic,3284.432
butler,Tank,15,ability,primary,cane,cooldown,0.0
butler,Tank,15,ability,primary,cane,combo_steps/1/damage,57.078
butler,Tank,15,ability,primary,cane,combo_steps/2/damage,57.078
butler,Tank,15,ability,primary,cane,combo_steps/3/damage,90.122
butler,Tank,15,ability,ability_1,vampiric_cloak,cooldown,0.0
butler,Tank,15,ability,ability_1,vampiric_cloak,range,110.0
butler,Tank,15,ability,ability_1,vampiric_cloak,blocker_hp,1488.889
butler,Tank,15,ability,movement,at_your_service,cooldown,10.0
butler,Tank,15,ability,movement,at_your_service,values/short_distance,250.0
butler,Tank,15,ability,cc,polite_refusal,cooldown,9.0
butler,Tank,15,ability,cc,polite_refusal,range,200.0
butler,Tank,15,ability,cc,polite_refusal,damage,121.089
butler,Tank,15,ability,ultimate,dinner_is_served,cooldown,80.0
butler,Tank,15,ability,ultimate,dinner_is_served,range,130.0
butler,Tank,15,ability,ultimate,dinner_is_served,damage,207.334
butler,Tank,15,ability,passive,hunger,cooldown,0.0
butler,Tank,15,ability,passive,hunger,values/max_hunger,100.0
butler,Tank,15,ability,passive,hunger,values/hunger_per_hp_percent,1.0
butler,Tank,15,ability,passive,hunger,values/hunger_per_second,1.0
butler,Tank,15,ability,passive,hunger,values/combat_window,3.0
butler,Tank,15,ability,passive,hunger,values/starving_duration,8.0
butler,Tank,15,ability,passive,hunger,values/recover_armor_delay,0.6
butler,Tank,20,stat,,,health,2425.0
butler,Tank,20,stat,,,weapon,122.444
butler,Tank,20,stat,,,magic,72.778
butler,Tank,20,stat,,,armor,105.556
butler,Tank,20,stat,,,magic_resist,76.444
butler,Tank,20,stat,,,move_speed,459.0
butler,Tank,20,derived,,,effective_hp_physical,4984.743
butler,Tank,20,derived,,,effective_hp_magic,4278.757
butler,Tank,20,ability,primary,cane,cooldown,0.0
butler,Tank,20,ability,primary,cane,combo_steps/1/damage,69.855
butler,Tank,20,ability,primary,cane,combo_steps/2/damage,69.855
butler,Tank,20,ability,primary,cane,combo_steps/3/damage,109.844
butler,Tank,20,ability,ability_1,vampiric_cloak,cooldown,0.0
butler,Tank,20,ability,ability_1,vampiric_cloak,range,110.0
butler,Tank,20,ability,ability_1,vampiric_cloak,blocker_hp,1877.778
butler,Tank,20,ability,movement,at_your_service,cooldown,10.0
butler,Tank,20,ability,movement,at_your_service,values/short_distance,250.0
butler,Tank,20,ability,cc,polite_refusal,cooldown,9.0
butler,Tank,20,ability,cc,polite_refusal,range,200.0
butler,Tank,20,ability,cc,polite_refusal,damage,149.977
butler,Tank,20,ability,ultimate,dinner_is_served,cooldown,80.0
butler,Tank,20,ability,ultimate,dinner_is_served,range,130.0
butler,Tank,20,ability,ultimate,dinner_is_served,damage,255.667
butler,Tank,20,ability,passive,hunger,cooldown,0.0
butler,Tank,20,ability,passive,hunger,values/max_hunger,100.0
butler,Tank,20,ability,passive,hunger,values/hunger_per_hp_percent,1.0
butler,Tank,20,ability,passive,hunger,values/hunger_per_second,1.0
butler,Tank,20,ability,passive,hunger,values/combat_window,3.0
butler,Tank,20,ability,passive,hunger,values/starving_duration,8.0
butler,Tank,20,ability,passive,hunger,values/recover_armor_delay,0.6
cosmo,Carry,1,stat,,,health,432.0
cosmo,Carry,1,stat,,,weapon,6.0
cosmo,Carry,1,stat,,,magic,28.0
cosmo,Carry,1,stat,,,armor,14.0
cosmo,Carry,1,stat,,,magic_resist,20.0
cosmo,Carry,1,stat,,,move_speed,468.0
cosmo,Carry,1,derived,,,effective_hp_physical,492.48
cosmo,Carry,1,derived,,,effective_hp_magic,518.4
cosmo,Carry,1,ability,primary,moonshot,cooldown,0.0
cosmo,Carry,1,ability,primary,moonshot,range,780.0
cosmo,Carry,1,ability,primary,moonshot,shots_per_second,10.0
cosmo,Carry,1,ability,primary,moonshot,magazine_size,1
cosmo,Carry,1,ability,primary,moonshot,reload_time,2.6
cosmo,Carry,1,ability,primary,moonshot,damage_per_shot,19.2
cosmo,Carry,1,ability,primary,moonshot,burst_dps,192.0
cosmo,Carry,1,ability,primary,moonshot,sustained_dps,7.385
cosmo,Carry,1,ability,primary,moonshot,damage,19.2
cosmo,Carry,1,ability,ability_1,crescent,cooldown,6.0
cosmo,Carry,1,ability,ability_1,crescent,range,605.0
cosmo,Carry,1,ability,ability_1,crescent,shots_per_second,1.0
cosmo,Carry,1,ability,ability_1,crescent,magazine_size,0
cosmo,Carry,1,ability,ability_1,crescent,reload_time,1.5
cosmo,Carry,1,ability,ability_1,crescent,damage_per_shot,41.8
cosmo,Carry,1,ability,ability_1,crescent,burst_dps,41.8
cosmo,Carry,1,ability,ability_1,crescent,sustained_dps,41.8
cosmo,Carry,1,ability,ability_1,crescent,damage,41.8
cosmo,Carry,1,ability,ability_1,crescent,values/moonlit_amp,1.2
cosmo,Carry,1,ability,ability_1,crescent,values/moonlit_amp_full,1.35
cosmo,Carry,1,ability,movement,new_moon,cooldown,10.0
cosmo,Carry,1,ability,cc,tide,cooldown,11.0
cosmo,Carry,1,ability,cc,tide,range,800.0
cosmo,Carry,1,ability,cc,tide,damage,85.2
cosmo,Carry,1,ability,cc,tide,values/cast_range,800.0
cosmo,Carry,1,ability,cc,tide,values/tide_duration,1.2
cosmo,Carry,1,ability,ultimate,starfall,cooldown,90.0
cosmo,Carry,1,ability,ultimate,starfall,meteors_per_second/+0_moons,8.0
cosmo,Carry,1,ability,ultimate,starfall,meteors_per_second/+1_moons,9.0
cosmo,Carry,1,ability,ultimate,starfall,meteors_per_second/+2_moons,10.0
cosmo,Carry,1,ability,ultimate,starfall,meteors_per_second/+3_moons,11.0
cosmo,Carry,1,ability,ultimate,starfall,meteors_per_second/+4_moons,12.0
cosmo,Carry,1,ability,ultimate,starfall,damage,76.8
cosmo,Carry,1,ability,ultimate,starfall,values/channel_duration,3.5
cosmo,Carry,1,ability,ultimate,starfall,values/impact_delay,0.35
cosmo,Carry,1,ability,ultimate,starfall,values/meteors_per_second,9.0
cosmo,Carry,1,ability,ultimate,starfall,values/starfall_weapon_resist,0.5
cosmo,Carry,1,ability,ultimate,starfall,values/storm_radius,850.0
cosmo,Carry,1,ability,passive,waxing_moon,cooldown,0.0
cosmo,Carry,1,derived,passive,waxing_moon,moons,4
cosmo,Carry,1,derived,passive,waxing_moon,primary_sustained_dps,7.385
cosmo,Carry,1,derived,passive,waxing_moon,moon_volley,76.8
cosmo,Carry,1,derived,passive,waxing_moon,burst_combo,310.66
cosmo,Carry,1,ability,passive,waxing_moon,values/orbit_radius,78.0
cosmo,Carry,1,ability,passive,waxing_moon,values/orbit_speed,1.4
cosmo,Carry,5,stat,,,health,590.4
cosmo,Carry,5,stat,,,weapon,10.0
cosmo,Carry,5,stat,,,magic,48.154
cosmo,Carry,5,stat,,,armor,22.0
cosmo,Carry,5,stat,,,magic_resist,28.0
cosmo,Carry,5,stat,,,move_speed,468.0
cosmo,Carry,5,derived,,,effective_hp_physical,720.288
cosmo,Carry,5,derived,,,effective_hp_magic,755.712
cosmo,Carry,5,ability,primary,moonshot,cooldown,0.0
cosmo,Carry,5,ability,primary,moonshot,range,780.0
cosmo,Carry,5,ability,primary,moonshot,shots_per_second,10.0
cosmo,Carry,5,ability,primary,moonshot,magazine_size,1
cosmo,Carry,5,ability,primary,moonshot,reload_time,2.6
cosmo,Carry,5,ability,primary,moonshot,damage_per_shot,27.262
cosmo,Carry,5,ability,primary,moonshot,burst_dps,272.616
cosmo,Carry,5,ability,primary,moonshot,sustained_dps,10.485
cosmo,Carry,5,ability,primary,moonshot,damage,27.262
cosmo,Carry,5,ability,ability_1,crescent,cooldown,6.0
cosmo,Carry,5,ability,ability_1,crescent,range,605.0
cosmo,Carry,5,ability,ability_1,crescent,shots_per_second,1.0
cosmo,Carry,5,ability,ability_1,crescent,magazine_size,0
cosmo,Carry,5,ability,ability_1,crescent,reload_time,1.5
cosmo,Carry,5,ability,ability_1,crescent,damage_per_shot,53.892
cosmo,Carry,5,ability,ability_1,crescent,burst_dps,53.892
cosmo,Carry,5,ability,ability_1,crescent,sustained_dps,53.892
cosmo,Carry,5,ability,ability_1,crescent,damage,53.892
cosmo,Carry,5,ability,ability_1,crescent,values/moonlit_amp,1.2
cosmo,Carry,5,ability,ability_1,crescent,values/moonlit_amp_full,1.35
cosmo,Carry,5,ability,movement,new_moon,cooldown,10.0
cosmo,Carry,5,ability,cc,tide,cooldown,11.0
cosmo,Carry,5,ability,cc,tide,range,800.0
cosmo,Carry,5,ability,cc,tide,damage,103.338
cosmo,Carry,5,ability,cc,tide,values/cast_range,800.0
cosmo,Carry,5,ability,cc,tide,values/tide_duration,1.2
cosmo,Carry,5,ability,ultimate,starfall,cooldown,90.0
cosmo,Carry,5,ability,ultimate,starfall,meteors_per_second/+0_moons,8.0
cosmo,Carry,5,ability,ultimate,starfall,meteors_per_second/+1_moons,9.0
cosmo,Carry,5,ability,ultimate,starfall,meteors_per_second/+2_moons,10.0
cosmo,Carry,5,ability,ultimate,starfall,meteors_per_second/+3_moons,11.0
cosmo,Carry,5,ability,ultimate,starfall,meteors_per_second/+4_moons,12.0
cosmo,Carry,5,ability,ultimate,starfall,damage,88.892
cosmo,Carry,5,ability,ultimate,starfall,values/channel_duration,3.5
cosmo,Carry,5,ability,ultimate,starfall,values/impact_delay,0.35
cosmo,Carry,5,ability,ultimate,starfall,values/meteors_per_second,9.0
cosmo,Carry,5,ability,ultimate,starfall,values/starfall_weapon_resist,0.5
cosmo,Carry,5,ability,ultimate,starfall,values/storm_radius,850.0
cosmo,Carry,5,ability,passive,waxing_moon,cooldown,0.0
cosmo,Carry,5,derived,passive,waxing_moon,moons,6
cosmo,Carry,5,derived,passive,waxing_moon,primary_sustained_dps,11.853
cosmo,Carry,5,derived,passive,waxing_moon,moon_volley,163.569
cosmo,Carry,5,derived,passive,waxing_moon,burst_combo,478.889
cosmo,Carry,5,ability,passive,waxing_moon,values/orbit_radius,78.0
cosmo,Carry,5,ability,passive,waxing_moon,values/orbit_speed,1.4
cosmo,Carry,10,stat,,,health,788.4
cosmo,Carry,10,stat,,,weapon,15.0
cosmo,Carry,10,stat,,,magic,159.757
cosmo,Carry,10,stat,,,armor,32.0
cosmo,Carry,10,stat,,,magic_resist,38.0
cosmo,Carry,10,stat,,,move_speed,468.0
cosmo,Carry,10,derived,,,effective_hp_physical,1040.688
cosmo,Carry,10,derived,,,effective_hp_magic,1087.992
cosmo,Carry,10,ability,primary,moonshot,cooldown,0.0
cosmo,Carry,10,ability,primary,moonshot,range,780.0
cosmo,Carry,10,ability,primary,moonshot,shots_per_second,10.0
cosmo,Carry,10,ability,primary,moonshot,magazine_size,1
cosmo,Carry,10,ability,primary,moonshot,reload_time,2.6
cosmo,Carry,10,ability,primary,moonshot,damage_per_shot,71.903
cosmo,Carry,10,ability,primary,moonshot,burst_dps,719.027
cosmo,Carry,10,ability,primary,moonshot,sustained_dps,27.655
cosmo,Carry,10,ability,primary,moonshot,damage,71.903
cosmo,Carry,10,ability,ability_1,crescent,cooldown,6.0
cosmo,Carry,10,ability,ability_1,crescent,range,605.0
cosmo,Carry,10,ability,ability_1,crescent,shots_per_second,1.0
cosmo,Carry,10,ability,ability_1,crescent,magazine_size,0
cosmo,Carry,10,ability,ability_1,crescent,reload_time,1.5
cosmo,Carry,10,ability,ability_1,crescent,damage_per_shot,120.854
cosmo,Carry,10,ability,ability_1,crescent,burst_dps,120.854
cosmo,Carry,10,ability,ability_1,crescent,sustained_dps,120.854
cosmo,Carry,10,ability,ability_1,crescent,damage,120.854
cosmo,Carry,10,ability,ability_1,crescent,values/moonlit_amp,1.2
cosmo,Carry,10,ability,ability_1,crescent,values/moonlit_amp_full,1.35
cosmo,Carry,10,ability,movement,new_moon,cooldown,10.0
cosmo,Carry,10,ability,cc,tide,cooldown,11.0
cosmo,Carry,10,ability,cc,tide,range,800.0
cosmo,Carry,10,ability,cc,tide,damage,203.781
cosmo,Carry,10,ability,cc,tide,values/cast_range,800.0
cosmo,Carry,10,ability,cc,tide,values/tide_duration,1.2
cosmo,Carry,10,ability,ultimate,starfall,cooldown,90.0
cosmo,Carry,10,ability,ultimate,starfall,meteors_per_second/+0_moons,8.0
cosmo,Carry,10,ability,ultimate,starfall,meteors_per_second/+1_moons,9.0
cosmo,Carry,10,ability,ultimate,starfall,meteors_per_second/+2_moons,10.0
cosmo,Carry,10,ability,ultimate,starfall,meteors_per_second/+3_moons,11.0
cosmo,Carry,10,ability,ultimate,starfall,meteors_per_second/+4_moons,12.0
cosmo,Carry,10,ability,ultimate,starfall,damage,155.854
cosmo,Carry,10,ability,ultimate,starfall,values/channel_duration,3.5
cosmo,Carry,10,ability,ultimate,starfall,values/impact_delay,0.35
cosmo,Carry,10,ability,ultimate,starfall,values/meteors_per_second,9.0
cosmo,Carry,10,ability,ultimate,starfall,values/starfall_weapon_resist,0.5
cosmo,Carry,10,ability,ultimate,starfall,values/storm_radius,850.0
cosmo,Carry,10,ability,passive,waxing_moon,cooldown,0.0
cosmo,Carry,10,derived,passive,waxing_moon,moons,8
cosmo,Carry,10,derived,passive,waxing_moon,primary_sustained_dps,35.951
cosmo,Carry,10,derived,passive,waxing_moon,moon_volley,575.222
cosmo,Carry,10,derived,passive,waxing_moon,burst_combo,1317.532
cosmo,Carry,10,ability,passive,waxing_moon,values/orbit_radius,78.0
cosmo,Carry,10,ability,passive,waxing_moon,values/orbit_speed,1.4
cosmo,Carry,15,stat,,,health,986.4
cosmo,Carry,15,stat,,,weapon,20.0
cosmo,Carry,15,stat,,,magic,178.944
cosmo,Carry,15,stat,,,armor,42.0
cosmo,Carry,15,stat,,,magic_resist,48.0
cosmo,Carry,15,stat,,,move_speed,468.0
cosmo,Carry,15,derived,,,effective_hp_physical,1400.688
cosmo,Carry,15,derived,,,effective_hp_magic,1459.872
cosmo,Carry,15,ability,primary,moonshot,cooldown,0.0
cosmo,Carry,15,ability,primary,moonshot,range,780.0
cosmo,Carry,15,ability,primary,moonshot,shots_per_second,10.0
cosmo,Carry,15,ability,primary,moonshot,magazine_size,1
cosmo,Carry,15,ability,primary,moonshot,reload_time,2.6
cosmo,Carry,15,ability,primary,moonshot,damage_per_shot,79.577
cosmo,Carry,15,ability,primary,moonshot,burst_dps,795.774
cosmo,Carry,15,ability,primary,moonshot,sustained_dps,30.607
cosmo,Carry,15,ability,primary,moonshot,damage,79.577
cosmo,Carry,15,ability,ability_1,crescent,cooldown,6.0
cosmo,Carry,15,ability,ability_1,crescent,range,605.0
cosmo,Carry,15,ability,ability_1,crescent,shots_per_second,1.0
cosmo,Carry,15,ability,ability_1,crescent,magazine_size,0
cosmo,Carry,15,ability,ability_1,crescent,reload_time,1.5
cosmo,Carry,15,ability,ability_1,crescent,damage_per_shot,132.366
cosmo,Carry,15,ability,ability_1,crescent,burst_dps,132.366
cosmo,Carry,15,ability,ability_1,crescent,sustained_dps,132.366
cosmo,Carry,15,ability,ability_1,crescent,damage,132.366
cosmo,Carry,15,ability,ability_1,crescent,values/moonlit_amp,1.2
cosmo,Carry,15,ability,ability_1,crescent,values/moonlit_amp_full,1.35
cosmo,Carry,15,ability,movement,new_moon,cooldown,10.0
cosmo,Carry,15,ability,cc,tide,cooldown,11.0
cosmo,Carry,15,ability,cc,tide,range,800.0
cosmo,Carry,15,ability,cc,tide,damage,221.049
cosmo,Carry,15,ability,cc,tide,values/cast_range,800.0
cosmo,Carry,15,ability,cc,tide,values/tide_duration,1.2
cosmo,Carry,15,ability,ultimate,starfall,cooldown,90.0
cosmo,Carry,15,ability,ultimate,starfall,meteors_per_second/+0_moons,8.0
cosmo,Carry,15,ability,ultimate,starfall,meteors_per_second/+1_moons,9.0
cosmo,Carry,15,ability,ultimate,starfall,meteors_per_second/+2_moons,10.0
cosmo,Carry,15,ability,ultimate,starfall,meteors_per_second/+3_moons,11.0
cosmo,Carry,15,ability,ultimate,starfall,meteors_per_second/+4_moons,12.0
cosmo,Carry,15,ability,ultimate,starfall,damage,167.366
cosmo,Carry,15,ability,ultimate,starfall,values/channel_duration,3.5
cosmo,Carry,15,ability,ultimate,starfall,values/impact_delay,0.35
cosmo,Carry,15,ability,ultimate,starfall,values/meteors_per_second,9.0
cosmo,Carry,15,ability,ultimate,starfall,values/starfall_weapon_resist,0.5
cosmo,Carry,15,ability,ultimate,starfall,values/storm_radius,850.0
cosmo,Carry,15,ability,passive,waxing_moon,cooldown,0.0
cosmo,Carry,15,derived,passive,waxing_moon,moons,8
cosmo,Carry,15,derived,passive,waxing_moon,primary_sustained_dps,39.789
cosmo,Carry,15,derived,passive,waxing_moon,moon_volley,636.619
cosmo,Carry,15,derived,passive,waxing_moon,burst_combo,1449.058
cosmo,Carry,15,ability,passive,waxing_moon,values/orbit_radius,78.0
cosmo,Carry,15,ability,passive,waxing_moon,values/orbit_speed,1.4
cosmo,Carry,20,stat,,,health,1184.4
cosmo,Carry,20,stat,,,weapon,25.0
cosmo,Carry,20,stat,,,magic,199.0
cosmo,Carry,20,stat,,,armor,52.0
cosmo,Carry,20,stat,,,magic_resist,58.0
cosmo,Carry,20,stat,,,move_speed,468.0
cosmo,Carry,20,derived,,,effective_hp_physical,1800.288
cosmo,Carry,20,derived,,,effective_hp_magic,1871.352
cosmo,Carry,20,ability,primary,moonshot,cooldown,0.0
cosmo,Carry,20,ability,primary,moonshot,range,780.0
cosmo,Carry,20,ability,primary,moonshot,shots_per_second,10.0
cosmo,Carry,20,ability,primary,moonshot,magazine_size,1
cosmo,Carry,20,ability,primary,moonshot,reload_time,2.6
cosmo,Carry,20,ability,primary,moonshot,damage_per_shot,87.6
cosmo,Carry,20,ability,primary,moonshot,burst_dps,876.0
cosmo,Carry,20,ability,primary,moonshot,sustained_dps,33.692
cosmo,Carry,20,ability,primary,moonshot,damage,87.6
cosmo,Carry,20,ability,ability_1,crescent,cooldown,6.0
cosmo,Carry,20,ability,ability_1,crescent,range,605.0
cosmo,Carry,20,ability,ability_1,crescent,shots_per_second,1.0
cosmo,Carry,20,ability,ability_1,crescent,magazine_size,0
cosmo,Carry,20,ability,ability_1,crescent,reload_time,1.5
cosmo,Carry,20,ability,ability_1,crescent,damage_per_shot,144.4
cosmo,Carry,20,ability,ability_1,crescent,burst_dps,144.4
cosmo,Carry,20,ability,ability_1,crescent,sustained_dps,144.4
cosmo,Carry,20,ability,ability_1,crescent,damage,144.4
cosmo,Carry,20,ability,ability_1,crescent,values/moonlit_amp,1.2
cosmo,Carry,20,ability,ability_1,crescent,values/moonlit_amp_full,1.35
cosmo,Carry,20,ability,movement,new_moon,cooldown,10.0
cosmo,Carry,20,ability,cc,tide,cooldown,11.0
cosmo,Carry,20,ability,cc,tide,range,800.0
cosmo,Carry,20,ability,cc,tide,damage,239.1
cosmo,Carry,20,ability,cc,tide,values/cast_range,800.0
cosmo,Carry,20,ability,cc,tide,values/tide_duration,1.2
cosmo,Carry,20,ability,ultimate,starfall,cooldown,90.0
cosmo,Carry,20,ability,ultimate,starfall,meteors_per_second/+0_moons,8.0
cosmo,Carry,20,ability,ultimate,starfall,meteors_per_second/+1_moons,9.0
cosmo,Carry,20,ability,ultimate,starfall,meteors_per_second/+2_moons,10.0
cosmo,Carry,20,ability,ultimate,starfall,meteors_per_second/+3_moons,11.0
cosmo,Carry,20,ability,ultimate,starfall,meteors_per_second/+4_moons,12.0
cosmo,Carry,20,ability,ultimate,starfall,damage,179.4
cosmo,Carry,20,ability,ultimate,starfall,values/channel_duration,3.5
cosmo,Carry,20,ability,ultimate,starfall,values/impact_delay,0.35
cosmo,Carry,20,ability,ultimate,starfall,values/meteors_per_second,9.0
cosmo,Carry,20,ability,ultimate,starfall,values/starfall_weapon_resist,0.5
cosmo,Carry,20,ability,ultimate,starfall,values/storm_radius,850.0
cosmo,Carry,20,ability,passive,waxing_moon,cooldown,0.0
cosmo,Carry,20,derived,passive,waxing_moon,moons,8
cosmo,Carry,20,derived,passive,waxing_moon,primary_sustained_dps,43.8
cosmo,Carry,20,derived,passive,waxing_moon,moon_volley,700.8
cosmo,Carry,20,derived,passive,waxing_moon,burst_combo,1586.545
cosmo,Carry,20,ability,passive,waxing_moon,values/orbit_radius,78.0
cosmo,Carry,20,ability,passive,waxing_moon,values/orbit_speed,1.4
cpt_yellow,Tank,1,stat,,,health,990.0
cpt_yellow,Tank,1,stat,,,weapon,40.0
cpt_yellow,Tank,1,stat,,,magic,20.0
cpt_yellow,Tank,1,stat,,,armor,45.0
cpt_yellow,Tank,1,stat,,,magic_resist,35.0
cpt_yellow,Tank,1,stat,,,move_speed,450.0
cpt_yellow,Tank,1,derived,,,effective_hp_physical,1435.5
cpt_yellow,Tank,1,derived,,,effective_hp_magic,1336.5
cpt_yellow,Tank,1,ability,primary,stinger_volley,cooldown,0.0
cpt_yellow,Tank,1,ability,primary,stinger_volley,range,494.0
cpt_yellow,Tank,1,ability,primary,stinger_volley,shots_per_second,4.0
cpt_yellow,Tank,1,ability,primary,stinger_volley,magazine_size,0
cpt_yellow,Tank,1,ability,primary,stinger_volley,reload_time,1.5
cpt_yellow,Tank,1,ability,primary,stinger_volley,damage_per_shot,21.2
cpt_yellow,Tank,1,ability,primary,stinger_volley,burst_dps,84.8
cpt_yellow,Tank,1,ability,primary,stinger_volley,sustained_dps,84.8
cpt_yellow,Tank,1,ability,primary,stinger_volley,damage,5.3
cpt_yellow,Tank,1,ability,ability_1,swarm_ride,cooldown,12.0
cpt_yellow,Tank,1,ability,ability_1,swarm_ride,range,3150.0
cpt_yellow,Tank,1,ability,ability_1,swarm_ride,max_ride_time,3.0
cpt_yellow,Tank,1,ability,ability_1,swarm_ride,max_ride_distance,3150.0
cpt_yellow,Tank,1,ability,ability_1,swarm_ride,landing_telegraph,0.25
cpt_yellow,Tank,1,ability,ability_1,swarm_ride,damage,69.0
cpt_yellow,Tank,1,ability,movement,rally,cooldown,11.0
cpt_yellow,Tank,1,ability,movement,rally,range,450.0
cpt_yellow,Tank,1,ability,movement,rally,status_duration,2.0
cpt_yellow,Tank,1,ability,movement,rally,strength_alone,1.0
cpt_yellow,Tank,1,ability,movement,rally,strength_max,3.0
cpt_yellow,Tank,1,ability,movement,rally,self_status/shield_amount,150.0
cpt_yellow,Tank,1,ability,cc,sting,cooldown,8.0
cpt_yellow,Tank,1,ability,cc,sting,range,630.0
cpt_yellow,Tank,1,ability,cc,sting,shots_per_second,2.0
cpt_yellow,Tank,1,ability,cc,sting,magazine_size,0
cpt_yellow,Tank,1,ability,cc,sting,reload_time,1.5
cpt_yellow,Tank,1,ability,cc,sting,damage_per_shot,50.0
cpt_yellow,Tank,1,ability,cc,sting,burst_dps,100.0
cpt_yellow,Tank,1,ability,cc,sting,sustained_dps,100.0
cpt_yellow,Tank,1,ability,cc,sting,damage,50.0
cpt_yellow,Tank,1,ability,ultimate,charge,cooldown,75.0
cpt_yellow,Tank,1,ability,ultimate,charge,range,1000.0
cpt_yellow,Tank,1,ability,ultimate,charge,damage,102.0
cpt_yellow,Tank,5,stat,,,health,1458.0
cpt_yellow,Tank,5,stat,,,weapon,54.0
cpt_yellow,Tank,5,stat,,,magic,28.0
cpt_yellow,Tank,5,stat,,,armor,63.0
cpt_yellow,Tank,5,stat,,,magic_resist,47.0
cpt_yellow,Tank,5,stat,,,move_speed,450.0
cpt_yellow,Tank,5,derived,,,effective_hp_physical,2376.54
cpt_yellow,Tank,5,derived,,,effective_hp_magic,2143.26
cpt_yellow,Tank,5,ability,primary,stinger_volley,cooldown,0.0
cpt_yellow,Tank,5,ability,primary,stinger_volley,range,494.0
cpt_yellow,Tank,5,ability,primary,stinger_volley,shots_per_second,4.0
cpt_yellow,Tank,5,ability,primary,stinger_volley,magazine_size,0
cpt_yellow,Tank,5,ability,primary,stinger_volley,reload_time,1.5
cpt_yellow,Tank,5,ability,primary,stinger_volley,damage_per_shot,29.92
cpt_yellow,Tank,5,ability,primary,stinger_volley,burst_dps,119.68
cpt_yellow,Tank,5,ability,primary,stinger_volley,sustained_dps,119.68
cpt_yellow,Tank,5,ability,primary,stinger_volley,damage,7.48
cpt_yellow,Tank,5,ability,ability_1,swarm_ride,cooldown,10.8
cpt_yellow,Tank,5,ability,ability_1,swarm_ride,range,3150.0
cpt_yellow,Tank,5,ability,ability_1,swarm_ride,max_ride_time,3.0
cpt_yellow,Tank,5,ability,ability_1,swarm_ride,max_ride_distance,3150.0
cpt_yellow,Tank,5,ability,ability_1,swarm_ride,landing_telegraph,0.25
cpt_yellow,Tank,5,ability,ability_1,swarm_ride,damage,105.4
cpt_yellow,Tank,5,ability,movement,rally,cooldown,9.8
cpt_yellow,Tank,5,ability,movement,rally,range,450.0
cpt_yellow,Tank,5,ability,movement,rally,status_duration,2.0
cpt_yellow,Tank,5,ability,movement,rally,strength_alone,1.0
cpt_yellow,Tank,5,ability,movement,rally,strength_max,3.0
cpt_yellow,Tank,5,ability,movement,rally,self_status/shield_amount,250.0
cpt_yellow,Tank,5,ability,cc,sting,cooldown,7.2
cpt_yellow,Tank,5,ability,cc,sting,range,630.0
cpt_yellow,Tank,5,ability,cc,sting,shots_per_second,2.0
cpt_yellow,Tank,5,ability,cc,sting,magazine_size,0
cpt_yellow,Tank,5,ability,cc,sting,reload_time,1.5
cpt_yellow,Tank,5,ability,cc,sting,damage_per_shot,77.0
cpt_yellow,Tank,5,ability,cc,sting,burst_dps,154.0
cpt_yellow,Tank,5,ability,cc,sting,sustained_dps,154.0
cpt_yellow,Tank,5,ability,cc,sting,damage,77.0
cpt_yellow,Tank,5,ability,ultimate,charge,cooldown,65.0
cpt_yellow,Tank,5,ability,ultimate,charge,range,1000.0
cpt_yellow,Tank,5,ability,ultimate,charge,damage,161.2
cpt_yellow,Tank,10,stat,,,health,2043.0
cpt_yellow,Tank,10,stat,,,weapon,71.5
cpt_yellow,Tank,10,stat,,,magic,38.0
cpt_yellow,Tank,10,stat,,,armor,85.5
cpt_yellow,Tank,10,stat,,,magic_resist,62.0
cpt_yellow,Tank,10,stat,,,move_speed,450.0
cpt_yellow,Tank,10,derived,,,effective_hp_physical,3789.765
cpt_yellow,Tank,10,derived,,,effective_hp_magic,3309.66
cpt_yellow,Tank,10,ability,primary,stinger_volley,cooldown,0.0
cpt_yellow,Tank,10,ability,primary,stinger_volley,range,494.0
cpt_yellow,Tank,10,ability,primary,stinger_volley,shots_per_second,4.0
cpt_yellow,Tank,10,ability,primary,stinger_volley,magazine_size,0
cpt_yellow,Tank,10,ability,primary,stinger_volley,reload_time,1.5
cpt_yellow,Tank,10,ability,primary,stinger_volley,damage_per_shot,40.82
cpt_yellow,Tank,10,ability,primary,stinger_volley,burst_dps,163.28
cpt_yellow,Tank,10,ability,primary,stinger_volley,sustained_dps,163.28
cpt_yellow,Tank,10,ability,primary,stinger_volley,damage,10.205
cpt_yellow,Tank,10,ability,ability_1,swarm_ride,cooldown,9.3
cpt_yellow,Tank,10,ability,ability_1,swarm_ride,range,3150.0
cpt_yellow,Tank,10,ability,ability_1,swarm_ride,max_ride_time,3.0
cpt_yellow,Tank,10,ability,ability_1,swarm_ride,max_ride_distance,3150.0
cpt_yellow,Tank,10,ability,ability_1,swarm_ride,landing_telegraph,0.25
cpt_yellow,Tank,10,ability,ability_1,swarm_ride,damage,150.9
cpt_yellow,Tank,10,ability,movement,rally,cooldown,8.3
cpt_yellow,Tank,10,ability,movement,rally,range,450.0
cpt_yellow,Tank,10,ability,movement,rally,status_duration,2.0
cpt_yellow,Tank,10,ability,movement,rally,strength_alone,1.0
cpt_yellow,Tank,10,ability,movement,rally,strength_max,3.0
cpt_yellow,Tank,10,ability,movement,rally,self_status/shield_amount,375.0
cpt_yellow,Tank,10,ability,cc,sting,cooldown,6.2
cpt_yellow,Tank,10,ability,cc,sting,range,630.0
cpt_yellow,Tank,10,ability,cc,sting,shots_per_second,2.0
cpt_yellow,Tank,10,ability,cc,sting,magazine_size,0
cpt_yellow,Tank,10,ability,cc,sting,reload_time,1.5
cpt_yellow,Tank,10,ability,cc,sting,damage_per_shot,110.75
cpt_yellow,Tank,10,ability,cc,sting,burst_dps,221.5
cpt_yellow,Tank,10,ability,cc,sting,sustained_dps,221.5
cpt_yellow,Tank,10,ability,cc,sting,damage,110.75
cpt_yellow,Tank,10,ability,ultimate,charge,cooldown,52.5
cpt_yellow,Tank,10,ability,ultimate,charge,range,1000.0
cpt_yellow,Tank,10,ability,ultimate,charge,damage,235.2
cpt_yellow,Tank,15,stat,,,health,2628.0
cpt_yellow,Tank,15,stat,,,weapon,89.0
cpt_yellow,Tank,15,stat,,,magic,48.0
cpt_yellow,Tank,15,stat,,,armor,108.0
cpt_yellow,Tank,15,stat,,,magic_resist,77.0
cpt_yellow,Tank,15,stat,,,move_speed,450.0
cpt_yellow,Tank,15,derived,,,effective_hp_physical,5466.24
cpt_yellow,Tank,15,derived,,,effective_hp_magic,4651.56
cpt_yellow,Tank,15,ability,primary,stinger_volley,cooldown,0.0
cpt_yellow,Tank,15,ability,primary,stinger_volley,range,494.0
cpt_yellow,Tank,15,ability,primary,stinger_volley,shots_per_second,4.0
cpt_yellow,Tank,15,ability,primary,stinger_volley,magazine_size,0
cpt_yellow,Tank,15,ability,primary,stinger_volley,reload_time,1.5
cpt_yellow,Tank,15,ability,primary,stinger_volley,damage_per_shot,51.72
cpt_yellow,Tank,15,ability,primary,stinger_volley,burst_dps,206.88
cpt_yellow,Tank,15,ability,primary,stinger_volley,sustained_dps,206.88
cpt_yellow,Tank,15,ability,primary,stinger_volley,damage,12.93
cpt_yellow,Tank,15,ability,ability_1,swarm_ride,cooldown,7.8
cpt_yellow,Tank,15,ability,ability_1,swarm_ride,range,3150.0
cpt_yellow,Tank,15,ability,ability_1,swarm_ride,max_ride_time,3.0
cpt_yellow,Tank,15,ability,ability_1,swarm_ride,max_ride_distance,3150.0
cpt_yellow,Tank,15,ability,ability_1,swarm_ride,landing_telegraph,0.25
cpt_yellow,Tank,15,ability,ability_1,swarm_ride,damage,196.4
cpt_yellow,Tank,15,ability,movement,rally,cooldown,6.8
cpt_yellow,Tank,15,ability,movement,rally,range,450.0
cpt_yellow,Tank,15,ability,movement,rally,status_duration,2.0
cpt_yellow,Tank,15,ability,movement,rally,strength_alone,1.0
cpt_yellow,Tank,15,ability,movement,rally,strength_max,3.0
cpt_yellow,Tank,15,ability,movement,rally,self_status/shield_amount,500.0
cpt_yellow,Tank,15,ability,cc,sting,cooldown,5.2
cpt_yellow,Tank,15,ability,cc,sting,range,630.0
cpt_yellow,Tank,15,ability,cc,sting,shots_per_second,2.0
cpt_yellow,Tank,15,ability,cc,sting,magazine_size,0
cpt_yellow,Tank,15,ability,cc,sting,reload_time,1.5
cpt_yellow,Tank,15,ability,cc,sting,damage_per_shot,144.5
cpt_yellow,Tank,15,ability,cc,sting,burst_dps,289.0
cpt_yellow,Tank,15,ability,cc,sting,sustained_dps,289.0
cpt_yellow,Tank,15,ability,cc,sting,damage,144.5
cpt_yellow,Tank,15,ability,ultimate,charge,cooldown,40.0
cpt_yellow,Tank,15,ability,ultimate,charge,range,1000.0
cpt_yellow,Tank,15,ability,ultimate,charge,damage,309.2
cpt_yellow,Tank,20,stat,,,health,3213.0
cpt_yellow,Tank,20,stat,,,weapon,106.5
cpt_yellow,Tank,20,stat,,,magic,58.0
cpt_yellow,Tank,20,stat,,,armor,130.5
cpt_yellow,Tank,20,stat,,,magic_resist,92.0
cpt_yellow,Tank,20,stat,,,move_speed,450.0
cpt_yellow,Tank,20,derived,,,effective_hp_physical,7405.965
cpt_yellow,Tank,20,derived,,,effective_hp_magic,6168.96
cpt_yellow,Tank,20,ability,primary,stinger_volley,cooldown,0.0
cpt_yellow,Tank,20,ability,primary,stinger_volley,range,494.0
cpt_yellow,Tank,20,ability,primary,stinger_volley,shots_per_second,4.0
cpt_yellow,Tank,20,ability,primary,stinger_volley,magazine_size,0
cpt_yellow,Tank,20,ability,primary,stinger_volley,reload_time,1.5
cpt_yellow,Tank,20,ability,primary,stinger_volley,damage_per_shot,62.62
cpt_yellow,Tank,20,ability,primary,stinger_volley,burst_dps,250.48
cpt_yellow,Tank,20,ability,primary,stinger_volley,sustained_dps,250.48
cpt_yellow,Tank,20,ability,primary,stinger_volley,damage,15.655
cpt_yellow,Tank,20,ability,ability_1,swarm_ride,cooldown,6.3
cpt_yellow,Tank,20,ability,ability_1,swarm_ride,range,3150.0
cpt_yellow,Tank,20,ability,ability_1,swarm_ride,max_ride_time,3.0
cpt_yellow,Tank,20,ability,ability_1,swarm_ride,max_ride_distance,3150.0
cpt_yellow,Tank,20,ability,ability_1,swarm_ride,landing_telegraph,0.25
cpt_yellow,Tank,20,ability,ability_1,swarm_ride,damage,241.9
cpt_yellow,Tank,20,ability,movement,rally,cooldown,5.3
cpt_yellow,Tank,20,ability,movement,rally,range,450.0
cpt_yellow,Tank,20,ability,movement,rally,status_duration,2.0
cpt_yellow,Tank,20,ability,movement,rally,strength_alone,1.0
cpt_yellow,Tank,20,ability,movement,rally,strength_max,3.0
cpt_yellow,Tank,20,ability,movement,rally,self_status/shield_amount,625.0
cpt_yellow,Tank,20,ability,cc,sting,cooldown,4.2
cpt_yellow,Tank,20,ability,cc,sting,range,630.0
cpt_yellow,Tank,20,ability,cc,sting,shots_per_second,2.0
cpt_yellow,Tank,20,ability,cc,sting,magazine_size,0
cpt_yellow,Tank,20,ability,cc,sting,reload_time,1.5
cpt_yellow,Tank,20,ability,cc,sting,damage_per_shot,178.25
cpt_yellow,Tank,20,ability,cc,sting,burst_dps,356.5
cpt_yellow,Tank,20,ability,cc,sting,sustained_dps,356.5
cpt_yellow,Tank,20,ability,cc,sting,damage,178.25
cpt_yellow,Tank,20,ability,ultimate,charge,cooldown,27.5
cpt_yellow,Tank,20,ability,ultimate,charge,range,1000.0
cpt_yellow,Tank,20,ability,ultimate,charge,damage,383.2
hazmat,Tank,1,stat,,,health,855.0
hazmat,Tank,1,stat,,,weapon,35.0
hazmat,Tank,1,stat,,,magic,30.0
hazmat,Tank,1,stat,,,armor,40.0
hazmat,Tank,1,stat,,,magic_resist,30.0
hazmat,Tank,1,stat,,,move_speed,414.0
hazmat,Tank,1,derived,,,effective_hp_physical,1197.0
hazmat,Tank,1,derived,,,effective_hp_magic,1111.5
hazmat,Tank,1,ability,primary,sprayer,cooldown,0.0
hazmat,Tank,1,ability,primary,sprayer,range,352.0
hazmat,Tank,1,ability,primary,sprayer,shots_per_second,3.0
hazmat,Tank,1,ability,primary,sprayer,magazine_size,0
hazmat,Tank,1,ability,primary,sprayer,reload_time,1.5
hazmat,Tank,1,ability,primary,sprayer,damage_per_shot,24.75
hazmat,Tank,1,ability,primary,sprayer,burst_dps,74.25
hazmat,Tank,1,ability,primary,sprayer,sustained_dps,74.25
hazmat,Tank,1,ability,primary,sprayer,damage,4.95
hazmat,Tank,1,ability,primary,sprayer,values/ramp_head_start,1.0
hazmat,Tank,1,ability,ability_1,canister,cooldown,12.0
hazmat,Tank,1,ability,ability_1,canister,range,800.0
hazmat,Tank,1,ability,ability_1,canister,shots_per_second,1.0
hazmat,Tank,1,ability,ability_1,canister,magazine_size,0
hazmat,Tank,1,ability,ability_1,canister,reload_time,1.5
hazmat,Tank,1,ability,ability_1,canister,damage_per_shot,29.0
hazmat,Tank,1,ability,ability_1,canister,burst_dps,29.0
hazmat,Tank,1,ability,ability_1,canister,sustained_dps,29.0
hazmat,Tank,1,ability,ability_1,canister,damage,29.0
hazmat,Tank,1,ability,movement,seal_suit,cooldown,12.0
hazmat,Tank,1,ability,movement,seal_suit,range,90.0
hazmat,Tank,1,ability,movement,seal_suit,damage,30.5
hazmat,Tank,1,ability,cc,quarantine,cooldown,11.0
hazmat,Tank,1,ability,cc,quarantine,range,504.0
hazmat,Tank,1,ability,cc,quarantine,shots_per_second,2.0
hazmat,Tank,1,ability,cc,quarantine,magazine_size,0
hazmat,Tank,1,ability,cc,quarantine,reload_time,1.5
hazmat,Tank,1,ability,cc,quarantine,damage_per_shot,44.0
hazmat,Tank,1,ability,cc,quarantine,burst_dps,88.0
hazmat,Tank,1,ability,cc,quarantine,sustained_dps,88.0
hazmat,Tank,1,ability,cc,quarantine,damage,44.0
hazmat,Tank,1,ability,ultimate,containment_breach,cooldown,90.0
hazmat,Tank,1,ability,ultimate,containment_breach,range,500.0
hazmat,Tank,1,ability,ultimate,containment_breach,zone_duration,6.0
hazmat,Tank,1,ability,ultimate,containment_breach,zone/tick_damage,16.0
hazmat,Tank,1,ability,passive,contamination,cooldown,0.0
hazmat,Tank,1,ability,passive,contamination,range,220.0
hazmat,Tank,1,ability,passive,contamination,zone_duration,3.0
hazmat,Tank,1,ability,passive,contamination,zone/tick_damage,16.0
hazmat,Tank,5,stat,,,health,1215.0
hazmat,Tank,5,stat,,,weapon,50.556
hazmat,Tank,5,stat,,,magic,52.222
hazmat,Tank,5,stat,,,armor,55.556
hazmat,Tank,5,stat,,,magic_resist,41.111
hazmat,Tank,5,stat,,,move_speed,414.0
hazmat,Tank,5,derived,,,effective_hp_physical,1890.001
hazmat,Tank,5,derived,,,effective_hp_magic,1714.501
hazmat,Tank,5,ability,primary,sprayer,cooldown,0.0
hazmat,Tank,5,ability,primary,sprayer,range,352.0
hazmat,Tank,5,ability,primary,sprayer,shots_per_second,3.0
hazmat,Tank,5,ability,primary,sprayer,magazine_size,0
hazmat,Tank,5,ability,primary,sprayer,reload_time,1.5
hazmat,Tank,5,ability,primary,sprayer,damage_per_shot,36.194
hazmat,Tank,5,ability,primary,sprayer,burst_dps,108.583
hazmat,Tank,5,ability,primary,sprayer,sustained_dps,108.583
hazmat,Tank,5,ability,primary,sprayer,damage,7.239
hazmat,Tank,5,ability,primary,sprayer,values/ramp_head_start,1.0
hazmat,Tank,5,ability,ability_1,canister,cooldown,12.0
hazmat,Tank,5,ability,ability_1,canister,range,800.0
hazmat,Tank,5,ability,ability_1,canister,shots_per_second,1.0
hazmat,Tank,5,ability,ability_1,canister,magazine_size,0
hazmat,Tank,5,ability,ability_1,canister,reload_time,1.5
hazmat,Tank,5,ability,ability_1,canister,damage_per_shot,47.667
hazmat,Tank,5,ability,ability_1,canister,burst_dps,47.667
hazmat,Tank,5,ability,ability_1,canister,sustained_dps,47.667
hazmat,Tank,5,ability,ability_1,canister,damage,47.667
hazmat,Tank,5,ability,movement,seal_suit,cooldown,12.0
hazmat,Tank,5,ability,movement,seal_suit,range,90.0
hazmat,Tank,5,ability,movement,seal_suit,damage,47.167
hazmat,Tank,5,ability,cc,quarantine,cooldown,11.0
hazmat,Tank,5,ability,cc,quarantine,range,504.0
hazmat,Tank,5,ability,cc,quarantine,shots_per_second,2.0
hazmat,Tank,5,ability,cc,quarantine,magazine_size,0
hazmat,Tank,5,ability,cc,quarantine,reload_time,1.5
hazmat,Tank,5,ability,cc,quarantine,damage_per_shot,66.222
hazmat,Tank,5,ability,cc,quarantine,burst_dps,132.444
hazmat,Tank,5,ability,cc,quarantine,sustained_dps,132.444
hazmat,Tank,5,ability,cc,quarantine,damage,66.222
hazmat,Tank,5,ability,ultimate,containment_breach,cooldown,90.0
hazmat,Tank,5,ability,ultimate,containment_breach,range,500.0
hazmat,Tank,5,ability,ultimate,containment_breach,zone_duration,6.0
hazmat,Tank,5,ability,ultimate,containment_breach,zone/tick_damage,20.444
hazmat,Tank,5,ability,passive,contamination,cooldown,0.0
hazmat,Tank,5,ability,passive,contamination,range,220.0
hazmat,Tank,5,ability,passive,contamination,zone_duration,3.0
hazmat,Tank,5,ability,passive,contamination,zone/tick_damage,20.444
hazmat,Tank,10,stat,,,health,1665.0
hazmat,Tank,10,stat,,,weapon,70.0
hazmat,Tank,10,stat,,,magic,80.0
hazmat,Tank,10,stat,,,armor,75.0
hazmat,Tank,10,stat,,,magic_resist,55.0
hazmat,Tank,10,stat,,,move_speed,414.0
hazmat,Tank,10,derived,,,effective_hp_physical,2913.752
hazmat,Tank,10,derived,,,effective_hp_magic,2580.753
hazmat,Tank,10,ability,primary,sprayer,cooldown,0.0
hazmat,Tank,10,ability,primary,sprayer,range,352.0
hazmat,Tank,10,ability,primary,sprayer,shots_per_second,3.0
hazmat,Tank,10,ability,primary,sprayer,magazine_size,0
hazmat,Tank,10,ability,primary,sprayer,reload_time,1.5
hazmat,Tank,10,ability,primary,sprayer,damage_per_shot,50.5
hazmat,Tank,10,ability,primary,sprayer,burst_dps,151.5
hazmat,Tank,10,ability,primary,sprayer,sustained_dps,151.5
hazmat,Tank,10,ability,primary,sprayer,damage,10.1
hazmat,Tank,10,ability,primary,sprayer,values/ramp_head_start,1.0
hazmat,Tank,10,ability,ability_1,canister,cooldown,12.0
hazmat,Tank,10,ability,ability_1,canister,range,800.0
hazmat,Tank,10,ability,ability_1,canister,shots_per_second,1.0
hazmat,Tank,10,ability,ability_1,canister,magazine_size,0
hazmat,Tank,10,ability,ability_1,canister,reload_time,1.5
hazmat,Tank,10,ability,ability_1,canister,damage_per_shot,71.0
hazmat,Tank,10,ability,ability_1,canister,burst_dps,71.0
hazmat,Tank,10,ability,ability_1,canister,sustained_dps,71.0
hazmat,Tank,10,ability,ability_1,canister,damage,71.0
hazmat,Tank,10,ability,movement,seal_suit,cooldown,12.0
hazmat,Tank,10,ability,movement,seal_suit,range,90.0
hazmat,Tank,10,ability,movement,seal_suit,damage,68.0
hazmat,Tank,10,ability,cc,quarantine,cooldown,11.0
hazmat,Tank,10,ability,cc,quarantine,range,504.0
hazmat,Tank,10,ability,cc,quarantine,shots_per_second,2.0
hazmat,Tank,10,ability,cc,quarantine,magazine_size,0
hazmat,Tank,10,ability,cc,quarantine,reload_time,1.5
hazmat,Tank,10,ability,cc,quarantine,damage_per_shot,94.0
hazmat,Tank,10,ability,cc,quarantine,burst_dps,188.0
hazmat,Tank,10,ability,cc,quarantine,sustained_dps,188.0
hazmat,Tank,10,ability,cc,quarantine,damage,94.0
hazmat,Tank,10,ability,ultimate,containment_breach,cooldown,90.0
hazmat,Tank,10,ability,ultimate,containment_breach,range,500.0
hazmat,Tank,10,ability,ultimate,containment_breach,zone_duration,6.0
hazmat,Tank,10,ability,ultimate,containment_breach,zone/tick_damage,26.0
hazmat,Tank,10,ability,passive,contamination,cooldown,0.0
hazmat,Tank,10,ability,passive,contamination,range,220.0
hazmat,Tank,10,ability,passive,contamination,zone_duration,3.0
hazmat,Tank,10,ability,passive,contamination,zone/tick_damage,26.0
hazmat,Tank,15,stat,,,health,2115.0
hazmat,Tank,15,stat,,,weapon,89.445
hazmat,Tank,15,stat,,,magic,107.778
hazmat,Tank,15,stat,,,armor,94.445
hazmat,Tank,15,stat,,,magic_resist,68.889
hazmat,Tank,15,stat,,,move_speed,414.0
hazmat,Tank,15,derived,,,effective_hp_physical,4112.503
hazmat,Tank,15,derived,,,effective_hp_magic,3572.007
hazmat,Tank,15,ability,primary,sprayer,cooldown,0.0
hazmat,Tank,15,ability,primary,sprayer,range,352.0
hazmat,Tank,15,ability,primary,sprayer,shots_per_second,3.0
hazmat,Tank,15,ability,primary,sprayer,magazine_size,0
hazmat,Tank,15,ability,primary,sprayer,reload_time,1.5
hazmat,Tank,15,ability,primary,sprayer,damage_per_shot,64.806
hazmat,Tank,15,ability,primary,sprayer,burst_dps,194.417
hazmat,Tank,15,ability,primary,sprayer,sustained_dps,194.417
hazmat,Tank,15,ability,primary,sprayer,damage,12.961
hazmat,Tank,15,ability,primary,sprayer,values/ramp_head_start,1.0
hazmat,Tank,15,ability,ability_1,canister,cooldown,12.0
hazmat,Tank,15,ability,ability_1,canister,range,800.0
hazmat,Tank,15,ability,ability_1,canister,shots_per_second,1.0
hazmat,Tank,15,ability,ability_1,canister,magazine_size,0
hazmat,Tank,15,ability,ability_1,canister,reload_time,1.5
hazmat,Tank,15,ability,ability_1,canister,damage_per_shot,94.334
hazmat,Tank,15,ability,ability_1,canister,burst_dps,94.334
hazmat,Tank,15,ability,ability_1,canister,sustained_dps,94.334
hazmat,Tank,15,ability,ability_1,canister,damage,94.334
hazmat,Tank,15,ability,movement,seal_suit,cooldown,12.0
hazmat,Tank,15,ability,movement,seal_suit,range,90.0
hazmat,Tank,15,ability,movement,seal_suit,damage,88.833
hazmat,Tank,15,ability,cc,quarantine,cooldown,11.0
hazmat,Tank,15,ability,cc,quarantine,range,504.0
hazmat,Tank,15,ability,cc,quarantine,shots_per_second,2.0
hazmat,Tank,15,ability,cc,quarantine,magazine_size,0
hazmat,Tank,15,ability,cc,quarantine,reload_time,1.5
hazmat,Tank,15,ability,cc,quarantine,damage_per_shot,121.778
hazmat,Tank,15,ability,cc,quarantine,burst_dps,243.556
hazmat,Tank,15,ability,cc,quarantine,sustained_dps,243.556
hazmat,Tank,15,ability,cc,quarantine,damage,121.778
hazmat,Tank,15,ability,ultimate,containment_breach,cooldown,90.0
hazmat,Tank,15,ability,ultimate,containment_breach,range,500.0
hazmat,Tank,15,ability,ultimate,containment_breach,zone_duration,6.0
hazmat,Tank,15,ability,ultimate,containment_breach,zone/tick_damage,31.556
hazmat,Tank,15,ability,passive,contamination,cooldown,0.0
hazmat,Tank,15,ability,passive,contamination,range,220.0
hazmat,Tank,15,ability,passive,contamination,zone_duration,3.0
hazmat,Tank,15,ability,passive,contamination,zone/tick_damage,31.556
hazmat,Tank,20,stat,,,health,2565.0
hazmat,Tank,20,stat,,,weapon,108.889
hazmat,Tank,20,stat,,,magic,135.556
hazmat,Tank,20,stat,,,armor,113.889
hazmat,Tank,20,stat,,,magic_resist,82.778
hazmat,Tank,20,stat,,,move_speed,414.0
hazmat,Tank,20,derived,,,effective_hp_physical,5486.255
hazmat,Tank,20,derived,,,effective_hp_magic,4688.261
hazmat,Tank,20,ability,primary,sprayer,cooldown,0.0
hazmat,Tank,20,ability,primary,sprayer,range,352.0
hazmat,Tank,20,ability,primary,sprayer,shots_per_second,3.0
hazmat,Tank,20,ability,primary,sprayer,magazine_size,0
hazmat,Tank,20,ability,primary,sprayer,reload_time,1.5
hazmat,Tank,20,ability,primary,sprayer,damage_per_shot,79.111
hazmat,Tank,20,ability,primary,sprayer,burst_dps,237.334
hazmat,Tank,20,ability,primary,sprayer,sustained_dps,237.334
hazmat,Tank,20,ability,primary,sprayer,damage,15.822
hazmat,Tank,20,ability,primary,sprayer,values/ramp_head_start,1.0
hazmat,Tank,20,ability,ability_1,canister,cooldown,12.0
hazmat,Tank,20,ability,ability_1,canister,range,800.0
hazmat,Tank,20,ability,ability_1,canister,shots_per_second,1.0
hazmat,Tank,20,ability,ability_1,canister,magazine_size,0
hazmat,Tank,20,ability,ability_1,canister,reload_time,1.5
hazmat,Tank,20,ability,ability_1,canister,damage_per_shot,117.667
hazmat,Tank,20,ability,ability_1,canister,burst_dps,117.667
hazmat,Tank,20,ability,ability_1,canister,sustained_dps,117.667
hazmat,Tank,20,ability,ability_1,canister,damage,117.667
hazmat,Tank,20,ability,movement,seal_suit,cooldown,12.0
hazmat,Tank,20,ability,movement,seal_suit,range,90.0
hazmat,Tank,20,ability,movement,seal_suit,damage,109.667
hazmat,Tank,20,ability,cc,quarantine,cooldown,11.0
hazmat,Tank,20,ability,cc,quarantine,range,504.0
hazmat,Tank,20,ability,cc,quarantine,shots_per_second,2.0
hazmat,Tank,20,ability,cc,quarantine,magazine_size,0
hazmat,Tank,20,ability,cc,quarantine,reload_time,1.5
hazmat,Tank,20,ability,cc,quarantine,damage_per_shot,149.556
hazmat,Tank,20,ability,cc,quarantine,burst_dps,299.111
hazmat,Tank,20,ability,cc,quarantine,sustained_dps,299.111
hazmat,Tank,20,ability,cc,quarantine,damage,149.556
hazmat,Tank,20,ability,ultimate,containment_breach,cooldown,90.0
hazmat,Tank,20,ability,ultimate,containment_breach,range,500.0
hazmat,Tank,20,ability,ultimate,containment_breach,zone_duration,6.0
hazmat,Tank,20,ability,ultimate,containment_breach,zone/tick_damage,37.111
hazmat,Tank,20,ability,passive,contamination,cooldown,0.0
hazmat,Tank,20,ability,passive,contamination,range,220.0
hazmat,Tank,20,ability,passive,contamination,zone_duration,3.0
hazmat,Tank,20,ability,passive,contamination,zone/tick_damage,37.111
jose,Carry,1,stat,,,health,486.0
jose,Carry,1,stat,,,weapon,44.0
jose,Carry,1,stat,,,magic,10.0
jose,Carry,1,stat,,,armor,16.0
jose,Carry,1,stat,,,magic_resist,16.0
jose,Carry,1,stat,,,move_speed,504.0
jose,Carry,1,derived,,,effective_hp_physical,563.76
jose,Carry,1,derived,,,effective_hp_magic,563.76
jose,Carry,1,ability,primary,twin_longarms,cooldown,0.0
jose,Carry,1,ability,primary,twin_longarms,range,1092.0
jose,Carry,1,ability,primary,twin_longarms,shots_per_second,3.5
jose,Carry,1,ability,primary,twin_longarms,magazine_size,12
jose,Carry,1,ability,primary,twin_longarms,reload_time,2.6
jose,Carry,1,ability,primary,twin_longarms,damage_per_shot,46.2
jose,Carry,1,ability,primary,twin_longarms,burst_dps,161.7
jose,Carry,1,ability,primary,twin_longarms,sustained_dps,91.962
jose,Carry,1,ability,primary,twin_longarms,damage,46.2
jose,Carry,1,ability,ability_1,last_word,cooldown,9.0
jose,Carry,1,ability,ability_1,last_word,range,1680.0
jose,Carry,1,ability,ability_1,last_word,shots_per_second,2.0
jose,Carry,1,ability,ability_1,last_word,magazine_size,0
jose,Carry,1,ability,ability_1,last_word,reload_time,1.5
jose,Carry,1,ability,ability_1,last_word,damage_per_shot,85.2
jose,Carry,1,ability,ability_1,last_word,burst_dps,170.4
jose,Carry,1,ability,ability_1,last_word,sustained_dps,170.4
jose,Carry,1,ability,ability_1,last_word,damage,85.2
jose,Carry,1,ability,ability_1,last_word,values/damage_full,248.0
jose,Carry,1,ability,ability_1,last_word,values/perfect_damage_multiplier,1.35
jose,Carry,1,ability,movement,flourish,cooldown,7.0
jose,Carry,1,ability,cc,coin,cooldown,12.0
jose,Carry,1,ability,cc,coin,range,840.0
jose,Carry,1,ability,cc,coin,shots_per_second,2.0
jose,Carry,1,ability,cc,coin,magazine_size,0
jose,Carry,1,ability,cc,coin,reload_time,1.5
jose,Carry,1,ability,cc,coin,damage_per_shot,8.0
jose,Carry,1,ability,cc,coin,burst_dps,16.0
jose,Carry,1,ability,cc,coin,sustained_dps,16.0
jose,Carry,1,ability,cc,coin,damage,8.0
jose,Carry,1,ability,cc,coin,values/execute_threshold,0.12
jose,Carry,1,ability,ultimate,weapons_free,cooldown,70.0
jose,Carry,1,ability,ultimate,weapons_free,range,520.0
jose,Carry,1,ability,ultimate,weapons_free,zone_duration,5.0
jose,Carry,1,ability,ultimate,weapons_free,weapons_free_fire_rate,2.0
jose,Carry,1,ability,ultimate,weapons_free,values/weapons_free_fire_rate,2.0
jose,Carry,5,stat,,,health,673.2
jose,Carry,5,stat,,,weapon,68.0
jose,Carry,5,stat,,,magic,14.0
jose,Carry,5,stat,,,armor,24.0
jose,Carry,5,stat,,,magic_resist,20.0
jose,Carry,5,stat,,,move_speed,504.0
jose,Carry,5,derived,,,effective_hp_physical,834.768
jose,Carry,5,derived,,,effective_hp_magic,807.84
jose,Carry,5,ability,primary,twin_longarms,cooldown,0.0
jose,Carry,5,ability,primary,twin_longarms,range,1092.0
jose,Carry,5,ability,primary,twin_longarms,shots_per_second,3.5
jose,Carry,5,ability,primary,twin_longarms,magazine_size,12
jose,Carry,5,ability,primary,twin_longarms,reload_time,2.6
jose,Carry,5,ability,primary,twin_longarms,damage_per_shot,59.4
jose,Carry,5,ability,primary,twin_longarms,burst_dps,207.9
jose,Carry,5,ability,primary,twin_longarms,sustained_dps,118.237
jose,Carry,5,ability,primary,twin_longarms,damage,59.4
jose,Carry,5,ability,ability_1,last_word,cooldown,9.0
jose,Carry,5,ability,ability_1,last_word,range,1680.0
jose,Carry,5,ability,ability_1,last_word,shots_per_second,2.0
jose,Carry,5,ability,ability_1,last_word,magazine_size,0
jose,Carry,5,ability,ability_1,last_word,reload_time,1.5
jose,Carry,5,ability,ability_1,last_word,damage_per_shot,104.4
jose,Carry,5,ability,ability_1,last_word,burst_dps,208.8
jose,Carry,5,ability,ability_1,last_word,sustained_dps,208.8
jose,Carry,5,ability,ability_1,last_word,damage,104.4
jose,Carry,5,ability,ability_1,last_word,values/damage_full,296.0
jose,Carry,5,ability,ability_1,last_word,values/perfect_damage_multiplier,1.35
jose,Carry,5,ability,movement,flourish,cooldown,7.0
jose,Carry,5,ability,cc,coin,cooldown,12.0
jose,Carry,5,ability,cc,coin,range,840.0
jose,Carry,5,ability,cc,coin,shots_per_second,2.0
jose,Carry,5,ability,cc,coin,magazine_size,0
jose,Carry,5,ability,cc,coin,reload_time,1.5
jose,Carry,5,ability,cc,coin,damage_per_shot,8.0
jose,Carry,5,ability,cc,coin,burst_dps,16.0
jose,Carry,5,ability,cc,coin,sustained_dps,16.0
jose,Carry,5,ability,cc,coin,damage,8.0
jose,Carry,5,ability,cc,coin,values/execute_threshold,0.136
jose,Carry,5,ability,ultimate,weapons_free,cooldown,70.0
jose,Carry,5,ability,ultimate,weapons_free,range,520.0
jose,Carry,5,ability,ultimate,weapons_free,zone_duration,5.0
jose,Carry,5,ability,ultimate,weapons_free,weapons_free_fire_rate,2.0
jose,Carry,5,ability,ultimate,weapons_free,values/weapons_free_fire_rate,2.0
jose,Carry,10,stat,,,health,907.2
jose,Carry,10,stat,,,weapon,98.0
jose,Carry,10,stat,,,magic,19.0
jose,Carry,10,stat,,,armor,34.0
jose,Carry,10,stat,,,magic_resist,25.0
jose,Carry,10,stat,,,move_speed,504.0
jose,Carry,10,derived,,,effective_hp_physical,1215.648
jose,Carry,10,derived,,,effective_hp_magic,1134.0
jose,Carry,10,ability,primary,twin_longarms,cooldown,0.0
jose,Carry,10,ability,primary,twin_longarms,range,1092.0
jose,Carry,10,ability,primary,twin_longarms,shots_per_second,3.5
jose,Carry,10,ability,primary,twin_longarms,magazine_size,12
jose,Carry,10,ability,primary,twin_longarms,reload_time,2.6
jose,Carry,10,ability,primary,twin_longarms,damage_per_shot,75.9
jose,Carry,10,ability,primary,twin_longarms,burst_dps,265.65
jose,Carry,10,ability,primary,twin_longarms,sustained_dps,151.081
jose,Carry,10,ability,primary,twin_longarms,damage,75.9
jose,Carry,10,ability,ability_1,last_word,cooldown,9.0
jose,Carry,10,ability,ability_1,last_word,range,1680.0
jose,Carry,10,ability,ability_1,last_word,shots_per_second,2.0
jose,Carry,10,ability,ability_1,last_word,magazine_size,0
jose,Carry,10,ability,ability_1,last_word,reload_time,1.5
jose,Carry,10,ability,ability_1,last_word,damage_per_shot,128.4
jose,Carry,10,ability,ability_1,last_word,burst_dps,256.8
jose,Carry,10,ability,ability_1,last_word,sustained_dps,256.8
jose,Carry,10,ability,ability_1,last_word,damage,128.4
jose,Carry,10,ability,ability_1,last_word,values/damage_full,356.0
jose,Carry,10,ability,ability_1,last_word,values/perfect_damage_multiplier,1.35
jose,Carry,10,ability,movement,flourish,cooldown,7.0
jose,Carry,10,ability,cc,coin,cooldown,12.0
jose,Carry,10,ability,cc,coin,range,840.0
jose,Carry,10,ability,cc,coin,shots_per_second,2.0
jose,Carry,10,ability,cc,coin,magazine_size,0
jose,Carry,10,ability,cc,coin,reload_time,1.5
jose,Carry,10,ability,cc,coin,damage_per_shot,8.0
jose,Carry,10,ability,cc,coin,burst_dps,16.0
jose,Carry,10,ability,cc,coin,sustained_dps,16.0
jose,Carry,10,ability,cc,coin,damage,8.0
jose,Carry,10,ability,cc,coin,values/execute_threshold,0.156
jose,Carry,10,ability,ultimate,weapons_free,cooldown,70.0
jose,Carry,10,ability,ultimate,weapons_free,range,520.0
jose,Carry,10,ability,ultimate,weapons_free,zone_duration,5.0
jose,Carry,10,ability,ultimate,weapons_free,weapons_free_fire_rate,2.0
jose,Carry,10,ability,ultimate,weapons_free,values/weapons_free_fire_rate,2.0
jose,Carry,15,stat,,,health,1141.2
jose,Carry,15,stat,,,weapon,128.0
jose,Carry,15,stat,,,magic,24.0
jose,Carry,15,stat,,,armor,44.0
jose,Carry,15,stat,,,magic_resist,30.0
jose,Carry,15,stat,,,move_speed,504.0
jose,Carry,15,derived,,,effective_hp_physical,1643.328
jose,Carry,15,derived,,,effective_hp_magic,1483.56
jose,Carry,15,ability,primary,twin_longarms,cooldown,0.0
jose,Carry,15,ability,primary,twin_longarms,range,1092.0
jose,Carry,15,ability,primary,twin_longarms,shots_per_second,3.5
jose,Carry,15,ability,primary,twin_longarms,magazine_size,12
jose,Carry,15,ability,primary,twin_longarms,reload_time,2.6
jose,Carry,15,ability,primary,twin_longarms,damage_per_shot,92.4
jose,Carry,15,ability,primary,twin_longarms,burst_dps,323.4
jose,Carry,15,ability,primary,twin_longarms,sustained_dps,183.924
jose,Carry,15,ability,primary,twin_longarms,damage,92.4
jose,Carry,15,ability,ability_1,last_word,cooldown,9.0
jose,Carry,15,ability,ability_1,last_word,range,1680.0
jose,Carry,15,ability,ability_1,last_word,shots_per_second,2.0
jose,Carry,15,ability,ability_1,last_word,magazine_size,0
jose,Carry,15,ability,ability_1,last_word,reload_time,1.5
jose,Carry,15,ability,ability_1,last_word,damage_per_shot,152.4
jose,Carry,15,ability,ability_1,last_word,burst_dps,304.8
jose,Carry,15,ability,ability_1,last_word,sustained_dps,304.8
jose,Carry,15,ability,ability_1,last_word,damage,152.4
jose,Carry,15,ability,ability_1,last_word,values/damage_full,416.0
jose,Carry,15,ability,ability_1,last_word,values/perfect_damage_multiplier,1.35
jose,Carry,15,ability,movement,flourish,cooldown,7.0
jose,Carry,15,ability,cc,coin,cooldown,12.0
jose,Carry,15,ability,cc,coin,range,840.0
jose,Carry,15,ability,cc,coin,shots_per_second,2.0
jose,Carry,15,ability,cc,coin,magazine_size,0
jose,Carry,15,ability,cc,coin,reload_time,1.5
jose,Carry,15,ability,cc,coin,damage_per_shot,8.0
jose,Carry,15,ability,cc,coin,burst_dps,16.0
jose,Carry,15,ability,cc,coin,sustained_dps,16.0
jose,Carry,15,ability,cc,coin,damage,8.0
jose,Carry,15,ability,cc,coin,values/execute_threshold,0.176
jose,Carry,15,ability,ultimate,weapons_free,cooldown,70.0
jose,Carry,15,ability,ultimate,weapons_free,range,520.0
jose,Carry,15,ability,ultimate,weapons_free,zone_duration,5.0
jose,Carry,15,ability,ultimate,weapons_free,weapons_free_fire_rate,2.0
jose,Carry,15,ability,ultimate,weapons_free,values/weapons_free_fire_rate,2.0
jose,Carry,20,stat,,,health,1375.2
jose,Carry,20,stat,,,weapon,158.0
jose,Carry,20,stat,,,magic,29.0
jose,Carry,20,stat,,,armor,54.0
jose,Carry,20,stat,,,magic_resist,35.0
jose,Carry,20,stat,,,move_speed,504.0
jose,Carry,20,derived,,,effective_hp_physical,2117.808
jose,Carry,20,derived,,,effective_hp_magic,1856.52
jose,Carry,20,ability,primary,twin_longarms,cooldown,0.0
jose,Carry,20,ability,primary,twin_longarms,range,1092.0
jose,Carry,20,ability,primary,twin_longarms,shots_per_second,3.5
jose,Carry,20,ability,primary,twin_longarms,magazine_size,12
jose,Carry,20,ability,primary,twin_longarms,reload_time,2.6
jose,Carry,20,ability,primary,twin_longarms,damage_per_shot,108.9
jose,Carry,20,ability,primary,twin_longarms,burst_dps,381.15
jose,Carry,20,ability,primary,twin_longarms,sustained_dps,216.768
jose,Carry,20,ability,primary,twin_longarms,damage,108.9
jose,Carry,20,ability,ability_1,last_word,cooldown,9.0
jose,Carry,20,ability,ability_1,last_word,range,1680.0
jose,Carry,20,ability,ability_1,last_word,shots_per_second,2.0
jose,Carry,20,ability,ability_1,last_word,magazine_size,0
jose,Carry,20,ability,ability_1,last_word,reload_time,1.5
jose,Carry,20,ability,ability_1,last_word,damage_per_shot,176.4
jose,Carry,20,ability,ability_1,last_word,burst_dps,352.8
jose,Carry,20,ability,ability_1,last_word,sustained_dps,352.8
jose,Carry,20,ability,ability_1,last_word,damage,176.4
jose,Carry,20,ability,ability_1,last_word,values/damage_full,476.0
jose,Carry,20,ability,ability_1,last_word,values/perfect_damage_multiplier,1.35
jose,Carry,20,ability,movement,flourish,cooldown,7.0
jose,Carry,20,ability,cc,coin,cooldown,12.0
jose,Carry,20,ability,cc,coin,range,840.0
jose,Carry,20,ability,cc,coin,shots_per_second,2.0
jose,Carry,20,ability,cc,coin,magazine_size,0
jose,Carry,20,ability,cc,coin,reload_time,1.5
jose,Carry,20,ability,cc,coin,damage_per_shot,8.0
jose,Carry,20,ability,cc,coin,burst_dps,16.0
jose,Carry,20,ability,cc,coin,sustained_dps,16.0
jose,Carry,20,ability,cc,coin,damage,8.0
jose,Carry,20,ability,cc,coin,values/execute_threshold,0.196
jose,Carry,20,ability,ultimate,weapons_free,cooldown,70.0
jose,Carry,20,ability,ultimate,weapons_free,range,520.0
jose,Carry,20,ability,ultimate,weapons_free,zone_duration,5.0
jose,Carry,20,ability,ultimate,weapons_free,weapons_free_fire_rate,2.0
jose,Carry,20,ability,ultimate,weapons_free,values/weapons_free_fire_rate,2.0
melody,Flex,1,stat,,,health,558.0
melody,Flex,1,stat,,,weapon,18.0
melody,Flex,1,stat,,,magic,52.0
melody,Flex,1,stat,,,armor,20.0
melody,Flex,1,stat,,,magic_resist,24.0
melody,Flex,1,stat,,,move_speed,486.0
melody,Flex,1,derived,,,effective_hp_physical,669.6
melody,Flex,1,derived,,,effective_hp_magic,691.92
melody,Flex,1,ability,primary,heavy_notes,cooldown,0.0
melody,Flex,1,ability,primary,heavy_notes,range,780.0
melody,Flex,1,ability,primary,heavy_notes,shots_per_second,1.1
melody,Flex,1,ability,primary,heavy_notes,magazine_size,0
melody,Flex,1,ability,primary,heavy_notes,reload_time,1.5
melody,Flex,1,ability,primary,heavy_notes,damage_per_shot,49.4
melody,Flex,1,ability,primary,heavy_notes,burst_dps,54.34
melody,Flex,1,ability,primary,heavy_notes,sustained_dps,54.34
melody,Flex,1,ability,primary,heavy_notes,damage,49.4
melody,Flex,1,ability,primary,heavy_notes,values/chord_note_damage,30.0
melody,Flex,1,ability,ability_1,wind_up_key,cooldown,10.0
melody,Flex,1,ability,ability_1,wind_up_key,values/master_key_radius,350.0
melody,Flex,1,ability,ability_1,wind_up_key,values/min_strength,0.35
melody,Flex,1,ability,movement,wind_up_dash,cooldown,8.0
melody,Flex,1,ability,movement,wind_up_dash,range,70.0
melody,Flex,1,ability,movement,wind_up_dash,damage,35.6
melody,Flex,1,ability,movement,wind_up_dash,values/damage_full,91.2
melody,Flex,1,ability,movement,wind_up_dash,values/prewound_bounces,2.0
melody,Flex,1,ability,cc,performance,cooldown,4.0
melody,Flex,1,ability,cc,performance,values/good_shield_strength,0.5
melody,Flex,1,ability,cc,performance,values/perfect_shield_strength,1.0
melody,Flex,1,ability,cc,performance,values/pulse_radius,350.0
melody,Flex,1,ability,cc,performance,shield_status/shield_amount,48.2
melody,Flex,1,ability,ultimate,grand_march,cooldown,70.0
melody,Flex,1,ability,ultimate,grand_march,values/gather_radius,450.0
melody,Flex,1,ability,ultimate,grand_march,values/good_shield_strength,0.5
melody,Flex,1,ability,ultimate,grand_march,values/march_duration,6.0
melody,Flex,1,ability,ultimate,grand_march,values/perfect_extension,0.75
melody,Flex,1,ability,ultimate,grand_march,values/perfect_shield_strength,1.0
melody,Flex,1,ability,ultimate,grand_march,shield_status/shield_amount,55.6
melody,Flex,1,ability,passive,the_key,cooldown,0.0
melody,Flex,1,ability,passive,the_key,values/encore_cap,0.5
melody,Flex,1,ability,passive,the_key,values/encore_per_perfect,0.1
melody,Flex,1,ability,passive,the_key,values/encore_threshold,3.0
melody,Flex,1,ability,passive,the_key,values/max_turns,4.0
melody,Flex,1,ability,passive,the_key,values/unwind_delay,5.0
melody,Flex,1,ability,passive,the_key,values/unwind_interval,1.5
melody,Flex,5,stat,,,health,781.2
melody,Flex,5,stat,,,weapon,26.0
melody,Flex,5,stat,,,magic,76.0
melody,Flex,5,stat,,,armor,28.0
melody,Flex,5,stat,,,magic_resist,32.0
melody,Flex,5,stat,,,move_speed,486.0
melody,Flex,5,derived,,,effective_hp_physical,999.936
melody,Flex,5,derived,,,effective_hp_magic,1031.184
melody,Flex,5,ability,primary,heavy_notes,cooldown,0.0
melody,Flex,5,ability,primary,heavy_notes,range,780.0
melody,Flex,5,ability,primary,heavy_notes,shots_per_second,1.1
melody,Flex,5,ability,primary,heavy_notes,magazine_size,0
melody,Flex,5,ability,primary,heavy_notes,reload_time,1.5
melody,Flex,5,ability,primary,heavy_notes,damage_per_shot,60.2
melody,Flex,5,ability,primary,heavy_notes,burst_dps,66.22
melody,Flex,5,ability,primary,heavy_notes,sustained_dps,66.22
melody,Flex,5,ability,primary,heavy_notes,damage,60.2
melody,Flex,5,ability,primary,heavy_notes,values/chord_note_damage,30.0
melody,Flex,5,ability,ability_1,wind_up_key,cooldown,10.0
melody,Flex,5,ability,ability_1,wind_up_key,values/master_key_radius,350.0
melody,Flex,5,ability,ability_1,wind_up_key,values/min_strength,0.35
melody,Flex,5,ability,movement,wind_up_dash,cooldown,8.0
melody,Flex,5,ability,movement,wind_up_dash,range,70.0
melody,Flex,5,ability,movement,wind_up_dash,damage,42.8
melody,Flex,5,ability,movement,wind_up_dash,values/damage_full,105.6
melody,Flex,5,ability,movement,wind_up_dash,values/prewound_bounces,2.0
melody,Flex,5,ability,cc,performance,cooldown,4.0
melody,Flex,5,ability,cc,performance,values/good_shield_strength,0.5
melody,Flex,5,ability,cc,performance,values/perfect_shield_strength,1.0
melody,Flex,5,ability,cc,performance,values/pulse_radius,350.0
melody,Flex,5,ability,cc,performance,shield_status/shield_amount,56.6
melody,Flex,5,ability,ultimate,grand_march,cooldown,70.0
melody,Flex,5,ability,ultimate,grand_march,values/gather_radius,450.0
melody,Flex,5,ability,ultimate,grand_march,values/good_shield_strength,0.5
melody,Flex,5,ability,ultimate,grand_march,values/march_duration,6.0
melody,Flex,5,ability,ultimate,grand_march,values/perfect_extension,0.75
melody,Flex,5,ability,ultimate,grand_march,values/perfect_shield_strength,1.0
melody,Flex,5,ability,ultimate,grand_march,shield_status/shield_amount,62.8
melody,Flex,5,ability,passive,the_key,cooldown,0.0
melody,Flex,5,ability,passive,the_key,values/encore_cap,0.5
melody,Flex,5,ability,passive,the_key,values/encore_per_perfect,0.1
melody,Flex,5,ability,passive,the_key,values/encore_threshold,3.0
melody,Flex,5,ability,passive,the_key,values/max_turns,4.0
melody,Flex,5,ability,passive,the_key,values/unwind_delay,5.0
melody,Flex,5,ability,passive,the_key,values/unwind_interval,1.5
melody,Flex,10,stat,,,health,1060.2
melody,Flex,10,stat,,,weapon,36.0
melody,Flex,10,stat,,,magic,106.0
melody,Flex,10,stat,,,armor,38.0
melody,Flex,10,stat,,,magic_resist,42.0
melody,Flex,10,stat,,,move_speed,486.0
melody,Flex,10,derived,,,effective_hp_physical,1463.076
melody,Flex,10,derived,,,effective_hp_magic,1505.484
melody,Flex,10,ability,primary,heavy_notes,cooldown,0.0
melody,Flex,10,ability,primary,heavy_notes,range,780.0
melody,Flex,10,ability,primary,heavy_notes,shots_per_second,1.1
melody,Flex,10,ability,primary,heavy_notes,magazine_size,0
melody,Flex,10,ability,primary,heavy_notes,reload_time,1.5
melody,Flex,10,ability,primary,heavy_notes,damage_per_shot,73.7
melody,Flex,10,ability,primary,heavy_notes,burst_dps,81.07
melody,Flex,10,ability,primary,heavy_notes,sustained_dps,81.07
melody,Flex,10,ability,primary,heavy_notes,damage,73.7
melody,Flex,10,ability,primary,heavy_notes,values/chord_note_damage,30.0
melody,Flex,10,ability,ability_1,wind_up_key,cooldown,10.0
melody,Flex,10,ability,ability_1,wind_up_key,values/master_key_radius,350.0
melody,Flex,10,ability,ability_1,wind_up_key,values/min_strength,0.35
melody,Flex,10,ability,movement,wind_up_dash,cooldown,8.0
melody,Flex,10,ability,movement,wind_up_dash,range,70.0
melody,Flex,10,ability,movement,wind_up_dash,damage,51.8
melody,Flex,10,ability,movement,wind_up_dash,values/damage_full,123.6
melody,Flex,10,ability,movement,wind_up_dash,values/prewound_bounces,2.0
melody,Flex,10,ability,cc,performance,cooldown,4.0
melody,Flex,10,ability,cc,performance,values/good_shield_strength,0.5
melody,Flex,10,ability,cc,performance,values/perfect_shield_strength,1.0
melody,Flex,10,ability,cc,performance,values/pulse_radius,350.0
melody,Flex,10,ability,cc,performance,shield_status/shield_amount,67.1
melody,Flex,10,ability,ultimate,grand_march,cooldown,70.0
melody,Flex,10,ability,ultimate,grand_march,values/gather_radius,450.0
melody,Flex,10,ability,ultimate,grand_march,values/good_shield_strength,0.5
melody,Flex,10,ability,ultimate,grand_march,values/march_duration,6.0
melody,Flex,10,ability,ultimate,grand_march,values/perfect_extension,0.75
melody,Flex,10,ability,ultimate,grand_march,values/perfect_shield_strength,1.0
melody,Flex,10,ability,ultimate,grand_march,shield_status/shield_amount,71.8
melody,Flex,10,ability,passive,the_key,cooldown,0.0
melody,Flex,10,ability,passive,the_key,values/encore_cap,0.5
melody,Flex,10,ability,passive,the_key,values/encore_per_perfect,0.1
melody,Flex,10,ability,passive,the_key,values/encore_threshold,3.0
melody,Flex,10,ability,passive,the_key,values/max_turns,4.0
melody,Flex,10,ability,passive,the_key,values/unwind_delay,5.0
melody,Flex,10,ability,passive,the_key,values/unwind_interval,1.5
melody,Flex,15,stat,,,health,1339.2
melody,Flex,15,stat,,,weapon,46.0
melody,Flex,15,stat,,,magic,136.0
melody,Flex,15,stat,,,armor,48.0
melody,Flex,15,stat,,,magic_resist,52.0
melody,Flex,15,stat,,,move_speed,486.0
melody,Flex,15,derived,,,effective_hp_physical,1982.016
melody,Flex,15,derived,,,effective_hp_magic,2035.584
melody,Flex,15,ability,primary,heavy_notes,cooldown,0.0
melody,Flex,15,ability,primary,heavy_notes,range,780.0
melody,Flex,15,ability,primary,heavy_notes,shots_per_second,1.1
melody,Flex,15,ability,primary,heavy_notes,magazine_size,0
melody,Flex,15,ability,primary,heavy_notes,reload_time,1.5
melody,Flex,15,ability,primary,heavy_notes,damage_per_shot,87.2
melody,Flex,15,ability,primary,heavy_notes,burst_dps,95.92
melody,Flex,15,ability,primary,heavy_notes,sustained_dps,95.92
melody,Flex,15,ability,primary,heavy_notes,damage,87.2
melody,Flex,15,ability,primary,heavy_notes,values/chord_note_damage,30.0
melody,Flex,15,ability,ability_1,wind_up_key,cooldown,10.0
melody,Flex,15,ability,ability_1,wind_up_key,values/master_key_radius,350.0
melody,Flex,15,ability,ability_1,wind_up_key,values/min_strength,0.35
melody,Flex,15,ability,movement,wind_up_dash,cooldown,8.0
melody,Flex,15,ability,movement,wind_up_dash,range,70.0
melody,Flex,15,ability,movement,wind_up_dash,damage,60.8
melody,Flex,15,ability,movement,wind_up_dash,values/damage_full,141.6
melody,Flex,15,ability,movement,wind_up_dash,values/prewound_bounces,2.0
melody,Flex,15,ability,cc,performance,cooldown,4.0
melody,Flex,15,ability,cc,performance,values/good_shield_strength,0.5
melody,Flex,15,ability,cc,performance,values/perfect_shield_strength,1.0
melody,Flex,15,ability,cc,performance,values/pulse_radius,350.0
melody,Flex,15,ability,cc,performance,shield_status/shield_amount,77.6
melody,Flex,15,ability,ultimate,grand_march,cooldown,70.0
melody,Flex,15,ability,ultimate,grand_march,values/gather_radius,450.0
melody,Flex,15,ability,ultimate,grand_march,values/good_shield_strength,0.5
melody,Flex,15,ability,ultimate,grand_march,values/march_duration,6.0
melody,Flex,15,ability,ultimate,grand_march,values/perfect_extension,0.75
melody,Flex,15,ability,ultimate,grand_march,values/perfect_shield_strength,1.0
melody,Flex,15,ability,ultimate,grand_march,shield_status/shield_amount,80.8
melody,Flex,15,ability,passive,the_key,cooldown,0.0
melody,Flex,15,ability,passive,the_key,values/encore_cap,0.5
melody,Flex,15,ability,passive,the_key,values/encore_per_perfect,0.1
melody,Flex,15,ability,passive,the_key,values/encore_threshold,3.0
melody,Flex,15,ability,passive,the_key,values/max_turns,4.0
melody,Flex,15,ability,passive,the_key,values/unwind_delay,5.0
melody,Flex,15,ability,passive,the_key,values/unwind_interval,1.5
melody,Flex,20,stat,,,health,1618.2
melody,Flex,20,stat,,,weapon,56.0
melody,Flex,20,stat,,,magic,166.0
melody,Flex,20,stat,,,armor,58.0
melody,Flex,20,stat,,,magic_resist,62.0
melody,Flex,20,stat,,,move_speed,486.0
melody,Flex,20,derived,,,effective_hp_physical,2556.756
melody,Flex,20,derived,,,effective_hp_magic,2621.484
melody,Flex,20,ability,primary,heavy_notes,cooldown,0.0
melody,Flex,20,ability,primary,heavy_notes,range,780.0
melody,Flex,20,ability,primary,heavy_notes,shots_per_second,1.1
melody,Flex,20,ability,primary,heavy_notes,magazine_size,0
melody,Flex,20,ability,primary,heavy_notes,reload_time,1.5
melody,Flex,20,ability,primary,heavy_notes,damage_per_shot,100.7
melody,Flex,20,ability,primary,heavy_notes,burst_dps,110.77
melody,Flex,20,ability,primary,heavy_notes,sustained_dps,110.77
melody,Flex,20,ability,primary,heavy_notes,damage,100.7
melody,Flex,20,ability,primary,heavy_notes,values/chord_note_damage,30.0
melody,Flex,20,ability,ability_1,wind_up_key,cooldown,10.0
melody,Flex,20,ability,ability_1,wind_up_key,values/master_key_radius,350.0
melody,Flex,20,ability,ability_1,wind_up_key,values/min_strength,0.35
melody,Flex,20,ability,movement,wind_up_dash,cooldown,8.0
melody,Flex,20,ability,movement,wind_up_dash,range,70.0
melody,Flex,20,ability,movement,wind_up_dash,damage,69.8
melody,Flex,20,ability,movement,wind_up_dash,values/damage_full,159.6
melody,Flex,20,ability,movement,wind_up_dash,values/prewound_bounces,2.0
melody,Flex,20,ability,cc,performance,cooldown,4.0
melody,Flex,20,ability,cc,performance,values/good_shield_strength,0.5
melody,Flex,20,ability,cc,performance,values/perfect_shield_strength,1.0
melody,Flex,20,ability,cc,performance,values/pulse_radius,350.0
melody,Flex,20,ability,cc,performance,shield_status/shield_amount,88.1
melody,Flex,20,ability,ultimate,grand_march,cooldown,70.0
melody,Flex,20,ability,ultimate,grand_march,values/gather_radius,450.0
melody,Flex,20,ability,ultimate,grand_march,values/good_shield_strength,0.5
melody,Flex,20,ability,ultimate,grand_march,values/march_duration,6.0
melody,Flex,20,ability,ultimate,grand_march,values/perfect_extension,0.75
melody,Flex,20,ability,ultimate,grand_march,values/perfect_shield_strength,1.0
melody,Flex,20,ability,ultimate,grand_march,shield_status/shield_amount,89.8
melody,Flex,20,ability,passive,the_key,cooldown,0.0
melody,Flex,20,ability,passive,the_key,values/encore_cap,0.5
melody,Flex,20,ability,passive,the_key,values/encore_per_perfect,0.1
melody,Flex,20,ability,passive,the_key,values/encore_threshold,3.0
melody,Flex,20,ability,passive,the_key,values/max_turns,4.0
melody,Flex,20,ability,passive,the_key,values/unwind_delay,5.0
melody,Flex,20,ability,passive,the_key,values/unwind_interval,1.5
nimbus,Carry,1,stat,,,health,450.0
nimbus,Carry,1,stat,,,weapon,50.0
nimbus,Carry,1,stat,,,magic,10.0
nimbus,Carry,1,stat,,,armor,14.0
nimbus,Carry,1,stat,,,magic_resist,14.0
nimbus,Carry,1,stat,,,move_speed,441.0
nimbus,Carry,1,derived,,,effective_hp_physical,513.0
nimbus,Carry,1,derived,,,effective_hp_magic,513.0
nimbus,Carry,1,ability,primary,umbrella_rifle,cooldown,0.0
nimbus,Carry,1,ability,primary,umbrella_rifle,range,1800.0
nimbus,Carry,1,ability,primary,umbrella_rifle,shots_per_second,1.1
nimbus,Carry,1,ability,primary,umbrella_rifle,magazine_size,5
nimbus,Carry,1,ability,primary,umbrella_rifle,reload_time,2.0
nimbus,Carry,1,ability,primary,umbrella_rifle,damage_per_shot,80.0
nimbus,Carry,1,ability,primary,umbrella_rifle,burst_dps,88.0
nimbus,Carry,1,ability,primary,umbrella_rifle,sustained_dps,61.111
nimbus,Carry,1,ability,primary,umbrella_rifle,damage,80.0
nimbus,Carry,1,ability,primary,umbrella_rifle,values/crit_multiplier,1.75
nimbus,Carry,1,ability,ability_1,scope,cooldown,0.0
nimbus,Carry,1,ability,ability_1,scope,status_duration,30.0
nimbus,Carry,1,ability,ability_1,scope,strength_alone,1.0
nimbus,Carry,1,ability,movement,descend,cooldown,22.0
nimbus,Carry,1,ability,movement,descend,range,1100.0
nimbus,Carry,1,ability,movement,descend,air_time,1.6
nimbus,Carry,1,ability,movement,descend,max_distance,1100.0
nimbus,Carry,1,ability,cc,parry,cooldown,10.0
nimbus,Carry,1,ability,cc,parry,status_duration,0.35
nimbus,Carry,1,ability,cc,parry,strength_alone,1.0
nimbus,Carry,1,ability,cc,parry,values/cooldown_refund,0.5
nimbus,Carry,1,ability,ultimate,overcast,cooldown,70.0
nimbus,Carry,1,ability,ultimate,overcast,range,3600.0
nimbus,Carry,1,ability,ultimate,overcast,zone_duration,6.0
nimbus,Carry,1,ability,passive,steady_hand,cooldown,0.0
nimbus,Carry,1,ability,passive,steady_hand,values/bonus_per_stack,0.1
nimbus,Carry,1,ability,passive,steady_hand,values/max_stacks,4.0
nimbus,Carry,1,ability,passive,steady_hand,values/still_speed,15.0
nimbus,Carry,5,stat,,,health,630.0
nimbus,Carry,5,stat,,,weapon,76.667
nimbus,Carry,5,stat,,,magic,13.556
nimbus,Carry,5,stat,,,armor,21.111
nimbus,Carry,5,stat,,,magic_resist,18.444
nimbus,Carry,5,stat,,,move_speed,441.0
nimbus,Carry,5,derived,,,effective_hp_physical,763.001
nimbus,Carry,5,derived,,,effective_hp_magic,746.2
nimbus,Carry,5,ability,primary,umbrella_rifle,cooldown,0.0
nimbus,Carry,5,ability,primary,umbrella_rifle,range,1800.0
nimbus,Carry,5,ability,primary,umbrella_rifle,shots_per_second,1.1
nimbus,Carry,5,ability,primary,umbrella_rifle,magazine_size,5
nimbus,Carry,5,ability,primary,umbrella_rifle,reload_time,2.0
nimbus,Carry,5,ability,primary,umbrella_rifle,damage_per_shot,122.667
nimbus,Carry,5,ability,primary,umbrella_rifle,burst_dps,134.934
nimbus,Carry,5,ability,primary,umbrella_rifle,sustained_dps,93.704
nimbus,Carry,5,ability,primary,umbrella_rifle,damage,122.667
nimbus,Carry,5,ability,primary,umbrella_rifle,values/crit_multiplier,1.75
nimbus,Carry,5,ability,ability_1,scope,cooldown,0.0
nimbus,Carry,5,ability,ability_1,scope,status_duration,30.0
nimbus,Carry,5,ability,ability_1,scope,strength_alone,1.0
nimbus,Carry,5,ability,movement,descend,cooldown,22.0
nimbus,Carry,5,ability,movement,descend,range,1100.0
nimbus,Carry,5,ability,movement,descend,air_time,1.6
nimbus,Carry,5,ability,movement,descend,max_distance,1100.0
nimbus,Carry,5,ability,cc,parry,cooldown,10.0
nimbus,Carry,5,ability,cc,parry,status_duration,0.35
nimbus,Carry,5,ability,cc,parry,strength_alone,1.0
nimbus,Carry,5,ability,cc,parry,values/cooldown_refund,0.5
nimbus,Carry,5,ability,ultimate,overcast,cooldown,70.0
nimbus,Carry,5,ability,ultimate,overcast,range,3600.0
nimbus,Carry,5,ability,ultimate,overcast,zone_duration,6.0
nimbus,Carry,5,ability,passive,steady_hand,cooldown,0.0
nimbus,Carry,5,ability,passive,steady_hand,values/bonus_per_stack,0.1
nimbus,Carry,5,ability,passive,steady_hand,values/max_stacks,4.0
nimbus,Carry,5,ability,passive,steady_hand,values/still_speed,15.0
nimbus,Carry,10,stat,,,health,855.0
nimbus,Carry,10,stat,,,weapon,110.0
nimbus,Carry,10,stat,,,magic,18.0
nimbus,Carry,10,stat,,,armor,30.0
nimbus,Carry,10,stat,,,magic_resist,24.0
nimbus,Carry,10,stat,,,move_speed,441.0
nimbus,Carry,10,derived,,,effective_hp_physical,1111.502
nimbus,Carry,10,derived,,,effective_hp_magic,1060.199
nimbus,Carry,10,ability,primary,umbrella_rifle,cooldown,0.0
nimbus,Carry,10,ability,primary,umbrella_rifle,range,1800.0
nimbus,Carry,10,ability,primary,umbrella_rifle,shots_per_second,1.1
nimbus,Carry,10,ability,primary,umbrella_rifle,magazine_size,5
nimbus,Carry,10,ability,primary,umbrella_rifle,reload_time,2.0
nimbus,Carry,10,ability,primary,umbrella_rifle,damage_per_shot,176.0
nimbus,Carry,10,ability,primary,umbrella_rifle,burst_dps,193.601
nimbus,Carry,10,ability,primary,umbrella_rifle,sustained_dps,134.445
nimbus,Carry,10,ability,primary,umbrella_rifle,damage,176.0
nimbus,Carry,10,ability,primary,umbrella_rifle,values/crit_multiplier,1.75
nimbus,Carry,10,ability,ability_1,scope,cooldown,0.0
nimbus,Carry,10,ability,ability_1,scope,status_duration,30.0
nimbus,Carry,10,ability,ability_1,scope,strength_alone,1.0
nimbus,Carry,10,ability,movement,descend,cooldown,22.0
nimbus,Carry,10,ability,movement,descend,range,1100.0
nimbus,Carry,10,ability,movement,descend,air_time,1.6
nimbus,Carry,10,ability,movement,descend,max_distance,1100.0
nimbus,Carry,10,ability,cc,parry,cooldown,10.0
nimbus,Carry,10,ability,cc,parry,status_duration,0.35
nimbus,Carry,10,ability,cc,parry,strength_alone,1.0
nimbus,Carry,10,ability,cc,parry,values/cooldown_refund,0.5
nimbus,Carry,10,ability,ultimate,overcast,cooldown,70.0
nimbus,Carry,10,ability,ultimate,overcast,range,3600.0
nimbus,Carry,10,ability,ultimate,overcast,zone_duration,6.0
nimbus,Carry,10,ability,passive,steady_hand,cooldown,0.0
nimbus,Carry,10,ability,passive,steady_hand,values/bonus_per_stack,0.1
nimbus,Carry,10,ability,passive,steady_hand,values/max_stacks,4.0
nimbus,Carry,10,ability,passive,steady_hand,values/still_speed,15.0
nimbus,Carry,15,stat,,,health,1080.0
nimbus,Carry,15,stat,,,weapon,143.334
nimbus,Carry,15,stat,,,magic,22.445
nimbus,Carry,15,stat,,,armor,38.889
nimbus,Carry,15,stat,,,magic_resist,29.555
nimbus,Carry,15,stat,,,move_speed,441.0
nimbus,Carry,15,derived,,,effective_hp_physical,1500.003
nimbus,Carry,15,derived,,,effective_hp_magic,1399.198
nimbus,Carry,15,ability,primary,umbrella_rifle,cooldown,0.0
nimbus,Carry,15,ability,primary,umbrella_rifle,range,1800.0
nimbus,Carry,15,ability,primary,umbrella_rifle,shots_per_second,1.1
nimbus,Carry,15,ability,primary,umbrella_rifle,magazine_size,5
nimbus,Carry,15,ability,primary,umbrella_rifle,reload_time,2.0
nimbus,Carry,15,ability,primary,umbrella_rifle,damage_per_shot,229.334
nimbus,Carry,15,ability,primary,umbrella_rifle,burst_dps,252.267
nimbus,Carry,15,ability,primary,umbrella_rifle,sustained_dps,175.186
nimbus,Carry,15,ability,primary,umbrella_rifle,damage,229.334
nimbus,Carry,15,ability,primary,umbrella_rifle,values/crit_multiplier,1.75
nimbus,Carry,15,ability,ability_1,scope,cooldown,0.0
nimbus,Carry,15,ability,ability_1,scope,status_duration,30.0
nimbus,Carry,15,ability,ability_1,scope,strength_alone,1.0
nimbus,Carry,15,ability,movement,descend,cooldown,22.0
nimbus,Carry,15,ability,movement,descend,range,1100.0
nimbus,Carry,15,ability,movement,descend,air_time,1.6
nimbus,Carry,15,ability,movement,descend,max_distance,1100.0
nimbus,Carry,15,ability,cc,parry,cooldown,10.0
nimbus,Carry,15,ability,cc,parry,status_duration,0.35
nimbus,Carry,15,ability,cc,parry,strength_alone,1.0
nimbus,Carry,15,ability,cc,parry,values/cooldown_refund,0.5
nimbus,Carry,15,ability,ultimate,overcast,cooldown,70.0
nimbus,Carry,15,ability,ultimate,overcast,range,3600.0
nimbus,Carry,15,ability,ultimate,overcast,zone_duration,6.0
nimbus,Carry,15,ability,passive,steady_hand,cooldown,0.0
nimbus,Carry,15,ability,passive,steady_hand,values/bonus_per_stack,0.1
nimbus,Carry,15,ability,passive,steady_hand,values/max_stacks,4.0
nimbus,Carry,15,ability,passive,steady_hand,values/still_speed,15.0
nimbus,Carry,20,stat,,,health,1305.0
nimbus,Carry,20,stat,,,weapon,176.667
nimbus,Carry,20,stat,,,magic,26.889
nimbus,Carry,20,stat,,,armor,47.778
nimbus,Carry,20,stat,,,magic_resist,35.111
nimbus,Carry,20,stat,,,move_speed,441.0
nimbus,Carry,20,derived,,,effective_hp_physical,1928.506
nimbus,Carry,20,derived,,,effective_hp_magic,1763.197
nimbus,Carry,20,ability,primary,umbrella_rifle,cooldown,0.0
nimbus,Carry,20,ability,primary,umbrella_rifle,range,1800.0
nimbus,Carry,20,ability,primary,umbrella_rifle,shots_per_second,1.1
nimbus,Carry,20,ability,primary,umbrella_rifle,magazine_size,5
nimbus,Carry,20,ability,primary,umbrella_rifle,reload_time,2.0
nimbus,Carry,20,ability,primary,umbrella_rifle,damage_per_shot,282.668
nimbus,Carry,20,ability,primary,umbrella_rifle,burst_dps,310.934
nimbus,Carry,20,ability,primary,umbrella_rifle,sustained_dps,215.927
nimbus,Carry,20,ability,primary,umbrella_rifle,damage,282.668
nimbus,Carry,20,ability,primary,umbrella_rifle,values/crit_multiplier,1.75
nimbus,Carry,20,ability,ability_1,scope,cooldown,0.0
nimbus,Carry,20,ability,ability_1,scope,status_duration,30.0
nimbus,Carry,20,ability,ability_1,scope,strength_alone,1.0
nimbus,Carry,20,ability,movement,descend,cooldown,22.0
nimbus,Carry,20,ability,movement,descend,range,1100.0
nimbus,Carry,20,ability,movement,descend,air_time,1.6
nimbus,Carry,20,ability,movement,descend,max_distance,1100.0
nimbus,Carry,20,ability,cc,parry,cooldown,10.0
nimbus,Carry,20,ability,cc,parry,status_duration,0.35
nimbus,Carry,20,ability,cc,parry,strength_alone,1.0
nimbus,Carry,20,ability,cc,parry,values/cooldown_refund,0.5
nimbus,Carry,20,ability,ultimate,overcast,cooldown,70.0
nimbus,Carry,20,ability,ultimate,overcast,range,3600.0
nimbus,Carry,20,ability,ultimate,overcast,zone_duration,6.0
nimbus,Carry,20,ability,passive,steady_hand,cooldown,0.0
nimbus,Carry,20,ability,passive,steady_hand,values/bonus_per_stack,0.1
nimbus,Carry,20,ability,passive,steady_hand,values/max_stacks,4.0
nimbus,Carry,20,ability,passive,steady_hand,values/still_speed,15.0
pike,Tempo,1,stat,,,health,504.0
pike,Tempo,1,stat,,,weapon,40.0
pike,Tempo,1,stat,,,magic,10.0
pike,Tempo,1,stat,,,armor,18.0
pike,Tempo,1,stat,,,magic_resist,16.0
pike,Tempo,1,stat,,,move_speed,504.0
pike,Tempo,1,derived,,,effective_hp_physical,594.72
pike,Tempo,1,derived,,,effective_hp_magic,584.64
pike,Tempo,1,ability,primary,juggled_knives,cooldown,0.0
pike,Tempo,1,ability,primary,juggled_knives,range,700.0
pike,Tempo,1,ability,primary,juggled_knives,shots_per_second,4.0
pike,Tempo,1,ability,primary,juggled_knives,magazine_size,5
pike,Tempo,1,ability,primary,juggled_knives,reload_time,2.5
pike,Tempo,1,ability,primary,juggled_knives,damage_per_shot,16.0
pike,Tempo,1,ability,primary,juggled_knives,burst_dps,64.0
pike,Tempo,1,ability,primary,juggled_knives,sustained_dps,32.0
pike,Tempo,1,ability,primary,juggled_knives,damage,16.0
pike,Tempo,1,ability,primary,juggled_knives,values/max_hp_ratio,0.005
pike,Tempo,1,ability,ability_1,beloved,cooldown,4.0
pike,Tempo,1,ability,ability_1,beloved,range,780.0
pike,Tempo,1,ability,ability_1,beloved,shots_per_second,2.0
pike,Tempo,1,ability,ability_1,beloved,magazine_size,0
pike,Tempo,1,ability,ability_1,beloved,reload_time,1.5
pike,Tempo,1,ability,ability_1,beloved,damage_per_shot,18.0
pike,Tempo,1,ability,ability_1,beloved,burst_dps,36.0
pike,Tempo,1,ability,ability_1,beloved,sustained_dps,36.0
pike,Tempo,1,ability,ability_1,beloved,damage,18.0
pike,Tempo,1,ability,movement,there_you_are,cooldown,10.0
pike,Tempo,1,ability,movement,there_you_are,values/teleport_range,900.0
pike,Tempo,1,ability,movement,there_you_are,values/behind_offset,90.0
pike,Tempo,1,ability,cc,dont_go,cooldown,12.0
pike,Tempo,1,ability,cc,dont_go,range,720.0
pike,Tempo,1,ability,cc,dont_go,shots_per_second,2.0
pike,Tempo,1,ability,cc,dont_go,magazine_size,0
pike,Tempo,1,ability,cc,dont_go,reload_time,1.5
pike,Tempo,1,ability,cc,dont_go,damage_per_shot,36.0
pike,Tempo,1,ability,cc,dont_go,burst_dps,72.0
pike,Tempo,1,ability,cc,dont_go,sustained_dps,72.0
pike,Tempo,1,ability,cc,dont_go,damage,36.0
pike,Tempo,1,ability,cc,dont_go,values/beloved_root_duration,1.5
pike,Tempo,1,ability,ultimate,only_us,cooldown,90.0
pike,Tempo,1,ability,ultimate,only_us,range,600.0
pike,Tempo,1,ability,ultimate,only_us,values/ring_radius,450.0
pike,Tempo,1,ability,ultimate,only_us,values/ring_duration,4.0
pike,Tempo,1,ability,ultimate,only_us,values/max_distance,600.0
pike,Tempo,1,ability,passive,obsession,cooldown,0.0
pike,Tempo,1,ability,passive,obsession,values/ambush_cooldown,6.0
pike,Tempo,1,ability,passive,obsession,values/ambush_damage_multiplier,2.0
pike,Tempo,1,ability,passive,obsession,values/restealth_delay,1.5
pike,Tempo,5,stat,,,health,700.0
pike,Tempo,5,stat,,,weapon,64.444
pike,Tempo,5,stat,,,magic,13.556
pike,Tempo,5,stat,,,armor,25.111
pike,Tempo,5,stat,,,magic_resist,21.333
pike,Tempo,5,stat,,,move_speed,504.0
pike,Tempo,5,derived,,,effective_hp_physical,875.778
pike,Tempo,5,derived,,,effective_hp_magic,849.332
pike,Tempo,5,ability,primary,juggled_knives,cooldown,0.0
pike,Tempo,5,ability,primary,juggled_knives,range,700.0
pike,Tempo,5,ability,primary,juggled_knives,shots_per_second,4.0
pike,Tempo,5,ability,primary,juggled_knives,magazine_size,5
pike,Tempo,5,ability,primary,juggled_knives,reload_time,2.5
pike,Tempo,5,ability,primary,juggled_knives,damage_per_shot,25.778
pike,Tempo,5,ability,primary,juggled_knives,burst_dps,103.111
pike,Tempo,5,ability,primary,juggled_knives,sustained_dps,51.556
pike,Tempo,5,ability,primary,juggled_knives,damage,25.778
pike,Tempo,5,ability,primary,juggled_knives,values/max_hp_ratio,0.005
pike,Tempo,5,ability,ability_1,beloved,cooldown,4.0
pike,Tempo,5,ability,ability_1,beloved,range,780.0
pike,Tempo,5,ability,ability_1,beloved,shots_per_second,2.0
pike,Tempo,5,ability,ability_1,beloved,magazine_size,0
pike,Tempo,5,ability,ability_1,beloved,reload_time,1.5
pike,Tempo,5,ability,ability_1,beloved,damage_per_shot,26.889
pike,Tempo,5,ability,ability_1,beloved,burst_dps,53.778
pike,Tempo,5,ability,ability_1,beloved,sustained_dps,53.778
pike,Tempo,5,ability,ability_1,beloved,damage,26.889
pike,Tempo,5,ability,movement,there_you_are,cooldown,10.0
pike,Tempo,5,ability,movement,there_you_are,values/teleport_range,900.0
pike,Tempo,5,ability,movement,there_you_are,values/behind_offset,90.0
pike,Tempo,5,ability,cc,dont_go,cooldown,12.0
pike,Tempo,5,ability,cc,dont_go,range,720.0
pike,Tempo,5,ability,cc,dont_go,shots_per_second,2.0
pike,Tempo,5,ability,cc,dont_go,magazine_size,0
pike,Tempo,5,ability,cc,dont_go,reload_time,1.5
pike,Tempo,5,ability,cc,dont_go,damage_per_shot,57.778
pike,Tempo,5,ability,cc,dont_go,burst_dps,115.556
pike,Tempo,5,ability,cc,dont_go,sustained_dps,115.556
pike,Tempo,5,ability,cc,dont_go,damage,57.778
pike,Tempo,5,ability,cc,dont_go,values/beloved_root_duration,1.5
pike,Tempo,5,ability,ultimate,only_us,cooldown,90.0
pike,Tempo,5,ability,ultimate,only_us,range,600.0
pike,Tempo,5,ability,ultimate,only_us,values/ring_radius,450.0
pike,Tempo,5,ability,ultimate,only_us,values/ring_duration,4.0
pike,Tempo,5,ability,ultimate,only_us,values/max_distance,600.0
pike,Tempo,5,ability,passive,obsession,cooldown,0.0
pike,Tempo,5,ability,passive,obsession,values/ambush_cooldown,6.0
pike,Tempo,5,ability,passive,obsession,values/ambush_damage_multiplier,2.0
pike,Tempo,5,ability,passive,obsession,values/restealth_delay,1.5
pike,Tempo,10,stat,,,health,945.0
pike,Tempo,10,stat,,,weapon,95.0
pike,Tempo,10,stat,,,magic,18.0
pike,Tempo,10,stat,,,armor,34.0
pike,Tempo,10,stat,,,magic_resist,28.0
pike,Tempo,10,stat,,,move_speed,504.0
pike,Tempo,10,derived,,,effective_hp_physical,1266.302
pike,Tempo,10,derived,,,effective_hp_magic,1209.597
pike,Tempo,10,ability,primary,juggled_knives,cooldown,0.0
pike,Tempo,10,ability,primary,juggled_knives,range,700.0
pike,Tempo,10,ability,primary,juggled_knives,shots_per_second,4.0
pike,Tempo,10,ability,primary,juggled_knives,magazine_size,5
pike,Tempo,10,ability,primary,juggled_knives,reload_time,2.5
pike,Tempo,10,ability,primary,juggled_knives,damage_per_shot,38.0
pike,Tempo,10,ability,primary,juggled_knives,burst_dps,152.0
pike,Tempo,10,ability,primary,juggled_knives,sustained_dps,76.0
pike,Tempo,10,ability,primary,juggled_knives,damage,38.0
pike,Tempo,10,ability,primary,juggled_knives,values/max_hp_ratio,0.005
pike,Tempo,10,ability,ability_1,beloved,cooldown,4.0
pike,Tempo,10,ability,ability_1,beloved,range,780.0
pike,Tempo,10,ability,ability_1,beloved,shots_per_second,2.0
pike,Tempo,10,ability,ability_1,beloved,magazine_size,0
pike,Tempo,10,ability,ability_1,beloved,reload_time,1.5
pike,Tempo,10,ability,ability_1,beloved,damage_per_shot,38.0
pike,Tempo,10,ability,ability_1,beloved,burst_dps,76.0
pike,Tempo,10,ability,ability_1,beloved,sustained_dps,76.0
pike,Tempo,10,ability,ability_1,beloved,damage,38.0
pike,Tempo,10,ability,movement,there_you_are,cooldown,10.0
pike,Tempo,10,ability,movement,there_you_are,values/teleport_range,900.0
pike,Tempo,10,ability,movement,there_you_are,values/behind_offset,90.0
pike,Tempo,10,ability,cc,dont_go,cooldown,12.0
pike,Tempo,10,ability,cc,dont_go,range,720.0
pike,Tempo,10,ability,cc,dont_go,shots_per_second,2.0
pike,Tempo,10,ability,cc,dont_go,magazine_size,0
pike,Tempo,10,ability,cc,dont_go,reload_time,1.5
pike,Tempo,10,ability,cc,dont_go,damage_per_shot,85.0
pike,Tempo,10,ability,cc,dont_go,burst_dps,170.0
pike,Tempo,10,ability,cc,dont_go,sustained_dps,170.0
pike,Tempo,10,ability,cc,dont_go,damage,85.0
pike,Tempo,10,ability,cc,dont_go,values/beloved_root_duration,1.5
pike,Tempo,10,ability,ultimate,only_us,cooldown,90.0
pike,Tempo,10,ability,ultimate,only_us,range,600.0
pike,Tempo,10,ability,ultimate,only_us,values/ring_radius,450.0
pike,Tempo,10,ability,ultimate,only_us,values/ring_duration,4.0
pike,Tempo,10,ability,ultimate,only_us,values/max_distance,600.0
pike,Tempo,10,ability,passive,obsession,cooldown,0.0
pike,Tempo,10,ability,passive,obsession,values/ambush_cooldown,6.0
pike,Tempo,10,ability,passive,obsession,values/ambush_damage_multiplier,2.0
pike,Tempo,10,ability,passive,obsession,values/restealth_delay,1.5
pike,Tempo,15,stat,,,health,1190.0
pike,Tempo,15,stat,,,weapon,125.555
pike,Tempo,15,stat,,,magic,22.445
pike,Tempo,15,stat,,,armor,42.889
pike,Tempo,15,stat,,,magic_resist,34.666
pike,Tempo,15,stat,,,move_speed,504.0
pike,Tempo,15,derived,,,effective_hp_physical,1700.381
pike,Tempo,15,derived,,,effective_hp_magic,1602.528
pike,Tempo,15,ability,primary,juggled_knives,cooldown,0.0
pike,Tempo,15,ability,primary,juggled_knives,range,700.0
pike,Tempo,15,ability,primary,juggled_knives,shots_per_second,4.0
pike,Tempo,15,ability,primary,juggled_knives,magazine_size,5
pike,Tempo,15,ability,primary,juggled_knives,reload_time,2.5
pike,Tempo,15,ability,primary,juggled_knives,damage_per_shot,50.222
pike,Tempo,15,ability,primary,juggled_knives,burst_dps,200.889
pike,Tempo,15,ability,primary,juggled_knives,sustained_dps,100.444
pike,Tempo,15,ability,primary,juggled_knives,damage,50.222
pike,Tempo,15,ability,primary,juggled_knives,values/max_hp_ratio,0.005
pike,Tempo,15,ability,ability_1,beloved,cooldown,4.0
pike,Tempo,15,ability,ability_1,beloved,range,780.0
pike,Tempo,15,ability,ability_1,beloved,shots_per_second,2.0
pike,Tempo,15,ability,ability_1,beloved,magazine_size,0
pike,Tempo,15,ability,ability_1,beloved,reload_time,1.5
pike,Tempo,15,ability,ability_1,beloved,damage_per_shot,49.111
pike,Tempo,15,ability,ability_1,beloved,burst_dps,98.222
pike,Tempo,15,ability,ability_1,beloved,sustained_dps,98.222
pike,Tempo,15,ability,ability_1,beloved,damage,49.111
pike,Tempo,15,ability,movement,there_you_are,cooldown,10.0
pike,Tempo,15,ability,movement,there_you_are,values/teleport_range,900.0
pike,Tempo,15,ability,movement,there_you_are,values/behind_offset,90.0
pike,Tempo,15,ability,cc,dont_go,cooldown,12.0
pike,Tempo,15,ability,cc,dont_go,range,720.0
pike,Tempo,15,ability,cc,dont_go,shots_per_second,2.0
pike,Tempo,15,ability,cc,dont_go,magazine_size,0
pike,Tempo,15,ability,cc,dont_go,reload_time,1.5
pike,Tempo,15,ability,cc,dont_go,damage_per_shot,112.222
pike,Tempo,15,ability,cc,dont_go,burst_dps,224.444
pike,Tempo,15,ability,cc,dont_go,sustained_dps,224.444
pike,Tempo,15,ability,cc,dont_go,damage,112.222
pike,Tempo,15,ability,cc,dont_go,values/beloved_root_duration,1.5
pike,Tempo,15,ability,ultimate,only_us,cooldown,90.0
pike,Tempo,15,ability,ultimate,only_us,range,600.0
pike,Tempo,15,ability,ultimate,only_us,values/ring_radius,450.0
pike,Tempo,15,ability,ultimate,only_us,values/ring_duration,4.0
pike,Tempo,15,ability,ultimate,only_us,values/max_distance,600.0
pike,Tempo,15,ability,passive,obsession,cooldown,0.0
pike,Tempo,15,ability,passive,obsession,values/ambush_cooldown,6.0
pike,Tempo,15,ability,passive,obsession,values/ambush_damage_multiplier,2.0
pike,Tempo,15,ability,passive,obsession,values/restealth_delay,1.5
pike,Tempo,20,stat,,,health,1435.0
pike,Tempo,20,stat,,,weapon,156.111
pike,Tempo,20,stat,,,magic,26.889
pike,Tempo,20,stat,,,armor,51.778
pike,Tempo,20,stat,,,magic_resist,41.333
pike,Tempo,20,stat,,,move_speed,504.0
pike,Tempo,20,derived,,,effective_hp_physical,2178.017
pike,Tempo,20,derived,,,effective_hp_magic,2028.124
pike,Tempo,20,ability,primary,juggled_knives,cooldown,0.0
pike,Tempo,20,ability,primary,juggled_knives,range,700.0
pike,Tempo,20,ability,primary,juggled_knives,shots_per_second,4.0
pike,Tempo,20,ability,primary,juggled_knives,magazine_size,5
pike,Tempo,20,ability,primary,juggled_knives,reload_time,2.5
pike,Tempo,20,ability,primary,juggled_knives,damage_per_shot,62.444
pike,Tempo,20,ability,primary,juggled_knives,burst_dps,249.777
pike,Tempo,20,ability,primary,juggled_knives,sustained_dps,124.889
pike,Tempo,20,ability,primary,juggled_knives,damage,62.444
pike,Tempo,20,ability,primary,juggled_knives,values/max_hp_ratio,0.005
pike,Tempo,20,ability,ability_1,beloved,cooldown,4.0
pike,Tempo,20,ability,ability_1,beloved,range,780.0
pike,Tempo,20,ability,ability_1,beloved,shots_per_second,2.0
pike,Tempo,20,ability,ability_1,beloved,magazine_size,0
pike,Tempo,20,ability,ability_1,beloved,reload_time,1.5
pike,Tempo,20,ability,ability_1,beloved,damage_per_shot,60.222
pike,Tempo,20,ability,ability_1,beloved,burst_dps,120.444
pike,Tempo,20,ability,ability_1,beloved,sustained_dps,120.444
pike,Tempo,20,ability,ability_1,beloved,damage,60.222
pike,Tempo,20,ability,movement,there_you_are,cooldown,10.0
pike,Tempo,20,ability,movement,there_you_are,values/teleport_range,900.0
pike,Tempo,20,ability,movement,there_you_are,values/behind_offset,90.0
pike,Tempo,20,ability,cc,dont_go,cooldown,12.0
pike,Tempo,20,ability,cc,dont_go,range,720.0
pike,Tempo,20,ability,cc,dont_go,shots_per_second,2.0
pike,Tempo,20,ability,cc,dont_go,magazine_size,0
pike,Tempo,20,ability,cc,dont_go,reload_time,1.5
pike,Tempo,20,ability,cc,dont_go,damage_per_shot,139.444
pike,Tempo,20,ability,cc,dont_go,burst_dps,278.889
pike,Tempo,20,ability,cc,dont_go,sustained_dps,278.889
pike,Tempo,20,ability,cc,dont_go,damage,139.444
pike,Tempo,20,ability,cc,dont_go,values/beloved_root_duration,1.5
pike,Tempo,20,ability,ultimate,only_us,cooldown,90.0
pike,Tempo,20,ability,ultimate,only_us,range,600.0
pike,Tempo,20,ability,ultimate,only_us,values/ring_radius,450.0
pike,Tempo,20,ability,ultimate,only_us,values/ring_duration,4.0
pike,Tempo,20,ability,ultimate,only_us,values/max_distance,600.0
pike,Tempo,20,ability,passive,obsession,cooldown,0.0
pike,Tempo,20,ability,passive,obsession,values/ambush_cooldown,6.0
pike,Tempo,20,ability,passive,obsession,values/ambush_damage_multiplier,2.0
pike,Tempo,20,ability,passive,obsession,values/restealth_delay,1.5
rook,Carry,1,stat,,,health,540.0
rook,Carry,1,stat,,,weapon,36.0
rook,Carry,1,stat,,,magic,20.0
rook,Carry,1,stat,,,armor,20.0
rook,Carry,1,stat,,,magic_resist,20.0
rook,Carry,1,stat,,,move_speed,486.0
rook,Carry,1,derived,,,effective_hp_physical,648.0
rook,Carry,1,derived,,,effective_hp_magic,648.0
rook,Carry,1,ability,primary,rook_basic_attack,cooldown,0.0
rook,Carry,1,ability,primary,rook_basic_attack,range,150.0
rook,Carry,1,ability,primary,rook_basic_attack,damage,41.6
rook,Carry,1,ability,primary,rook_basic_attack,values/lifesteal,0.1
rook,Carry,5,stat,,,health,756.0
rook,Carry,5,stat,,,weapon,42.542
rook,Carry,5,stat,,,magic,36.0
rook,Carry,5,stat,,,armor,28.0
rook,Carry,5,stat,,,magic_resist,24.0
rook,Carry,5,stat,,,move_speed,486.0
rook,Carry,5,derived,,,effective_hp_physical,967.68
rook,Carry,5,derived,,,effective_hp_magic,937.44
rook,Carry,5,ability,primary,rook_basic_attack,cooldown,0.0
rook,Carry,5,ability,primary,rook_basic_attack,range,150.0
rook,Carry,5,ability,primary,rook_basic_attack,damage,45.525
rook,Carry,5,ability,primary,rook_basic_attack,values/lifesteal,0.1
rook,Carry,10,stat,,,health,1026.0
rook,Carry,10,stat,,,weapon,52.961
rook,Carry,10,stat,,,magic,56.0
rook,Carry,10,stat,,,armor,38.0
rook,Carry,10,stat,,,magic_resist,29.0
rook,Carry,10,stat,,,move_speed,486.0
rook,Carry,10,derived,,,effective_hp_physical,1415.88
rook,Carry,10,derived,,,effective_hp_magic,1323.54
rook,Carry,10,ability,primary,rook_basic_attack,cooldown,0.0
rook,Carry,10,ability,primary,rook_basic_attack,range,150.0
rook,Carry,10,ability,primary,rook_basic_attack,damage,51.777
rook,Carry,10,ability,primary,rook_basic_attack,values/lifesteal,0.1
rook,Carry,15,stat,,,health,1296.0
rook,Carry,15,stat,,,weapon,94.588
rook,Carry,15,stat,,,magic,76.0
rook,Carry,15,stat,,,armor,48.0
rook,Carry,15,stat,,,magic_resist,34.0
rook,Carry,15,stat,,,move_speed,486.0
rook,Carry,15,derived,,,effective_hp_physical,1918.08
rook,Carry,15,derived,,,effective_hp_magic,1736.64
rook,Carry,15,ability,primary,rook_basic_attack,cooldown,0.0
rook,Carry,15,ability,primary,rook_basic_attack,range,150.0
rook,Carry,15,ability,primary,rook_basic_attack,damage,76.753
rook,Carry,15,ability,primary,rook_basic_attack,values/lifesteal,0.1
rook,Carry,20,stat,,,health,1566.0
rook,Carry,20,stat,,,weapon,150.0
rook,Carry,20,stat,,,magic,96.0
rook,Carry,20,stat,,,armor,58.0
rook,Carry,20,stat,,,magic_resist,39.0
rook,Carry,20,stat,,,move_speed,486.0
rook,Carry,20,derived,,,effective_hp_physical,2474.28
rook,Carry,20,derived,,,effective_hp_magic,2176.74
rook,Carry,20,ability,primary,rook_basic_attack,cooldown,0.0
rook,Carry,20,ability,primary,rook_basic_attack,range,150.0
rook,Carry,20,ability,primary,rook_basic_attack,damage,110.0
rook,Carry,20,ability,primary,rook_basic_attack,values/lifesteal,0.1
sam,Tempo,1,stat,,,health,558.0
sam,Tempo,1,stat,,,weapon,25.0
sam,Tempo,1,stat,,,magic,40.0
sam,Tempo,1,stat,,,armor,20.0
sam,Tempo,1,stat,,,magic_resist,22.0
sam,Tempo,1,stat,,,move_speed,486.0
sam,Tempo,1,derived,,,effective_hp_physical,669.6
sam,Tempo,1,derived,,,effective_hp_magic,680.76
sam,Tempo,1,ability,primary,hello,cooldown,0.0
sam,Tempo,1,ability,primary,hello,range,720.0
sam,Tempo,1,ability,primary,hello,shots_per_second,3.0
sam,Tempo,1,ability,primary,hello,magazine_size,0
sam,Tempo,1,ability,primary,hello,reload_time,1.5
sam,Tempo,1,ability,primary,hello,damage_per_shot,9.8
sam,Tempo,1,ability,primary,hello,burst_dps,29.4
sam,Tempo,1,ability,primary,hello,sustained_dps,29.4
sam,Tempo,1,ability,primary,hello,damage,9.8
sam,Tempo,1,ability,ability_1,hug,cooldown,9.0
sam,Tempo,1,ability,ability_1,hug,range,650.0
sam,Tempo,1,ability,ability_1,hug,shots_per_second,2.0
sam,Tempo,1,ability,ability_1,hug,magazine_size,0
sam,Tempo,1,ability,ability_1,hug,reload_time,1.5
sam,Tempo,1,ability,ability_1,hug,damage_per_shot,0.0
sam,Tempo,1,ability,ability_1,hug,burst_dps,0.0
sam,Tempo,1,ability,ability_1,hug,sustained_dps,0.0
sam,Tempo,1,ability,movement,tractor_beam,cooldown,12.0
sam,Tempo,1,ability,movement,tractor_beam,range,720.0
sam,Tempo,1,ability,movement,tractor_beam,shots_per_second,2.0
sam,Tempo,1,ability,movement,tractor_beam,magazine_size,0
sam,Tempo,1,ability,movement,tractor_beam,reload_time,1.5
sam,Tempo,1,ability,movement,tractor_beam,damage_per_shot,0.0
sam,Tempo,1,ability,movement,tractor_beam,burst_dps,0.0
sam,Tempo,1,ability,movement,tractor_beam,sustained_dps,0.0
sam,Tempo,1,ability,cc,friendship_bracelet,cooldown,12.0
sam,Tempo,1,ability,cc,friendship_bracelet,range,600.0
sam,Tempo,1,ability,cc,friendship_bracelet,shots_per_second,2.0
sam,Tempo,1,ability,cc,friendship_bracelet,magazine_size,0
sam,Tempo,1,ability,cc,friendship_bracelet,reload_time,1.5
sam,Tempo,1,ability,cc,friendship_bracelet,damage_per_shot,0.0
sam,Tempo,1,ability,cc,friendship_bracelet,burst_dps,0.0
sam,Tempo,1,ability,cc,friendship_bracelet,sustained_dps,0.0
sam,Tempo,1,ability,cc,friendship_bracelet,values/chain_range,400.0
sam,Tempo,1,ability,cc,friendship_bracelet,values/leash_distance,300.0
sam,Tempo,1,ability,cc,friendship_bracelet,values/heal_share,0.5
sam,Tempo,1,ability,cc,friendship_bracelet,values/link_duration,4.0
sam,Tempo,1,ability,ultimate,close_encounter,cooldown,80.0
sam,Tempo,1,ability,ultimate,close_encounter,values/telegraph,0.4
sam,Tempo,1,ability,ultimate,close_encounter,values/beam_radius,90.0
sam,Tempo,1,ability,ultimate,close_encounter,values/ufo_speed,350.0
sam,Tempo,5,stat,,,health,770.0
sam,Tempo,5,stat,,,weapon,33.889
sam,Tempo,5,stat,,,magic,71.111
sam,Tempo,5,stat,,,armor,28.0
sam,Tempo,5,stat,,,magic_resist,30.0
sam,Tempo,5,stat,,,move_speed,486.0
sam,Tempo,5,derived,,,effective_hp_physical,985.6
sam,Tempo,5,derived,,,effective_hp_magic,1001.0
sam,Tempo,5,ability,primary,hello,cooldown,0.0
sam,Tempo,5,ability,primary,hello,range,720.0
sam,Tempo,5,ability,primary,hello,shots_per_second,3.0
sam,Tempo,5,ability,primary,hello,magazine_size,0
sam,Tempo,5,ability,primary,hello,reload_time,1.5
sam,Tempo,5,ability,primary,hello,damage_per_shot,15.533
sam,Tempo,5,ability,primary,hello,burst_dps,46.6
sam,Tempo,5,ability,primary,hello,sustained_dps,46.6
sam,Tempo,5,ability,primary,hello,damage,15.533
sam,Tempo,5,ability,ability_1,hug,cooldown,9.0
sam,Tempo,5,ability,ability_1,hug,range,650.0
sam,Tempo,5,ability,ability_1,hug,shots_per_second,2.0
sam,Tempo,5,ability,ability_1,hug,magazine_size,0
sam,Tempo,5,ability,ability_1,hug,reload_time,1.5
sam,Tempo,5,ability,ability_1,hug,damage_per_shot,0.0
sam,Tempo,5,ability,ability_1,hug,burst_dps,0.0
sam,Tempo,5,ability,ability_1,hug,sustained_dps,0.0
sam,Tempo,5,ability,movement,tractor_beam,cooldown,12.0
sam,Tempo,5,ability,movement,tractor_beam,range,720.0
sam,Tempo,5,ability,movement,tractor_beam,shots_per_second,2.0
sam,Tempo,5,ability,movement,tractor_beam,magazine_size,0
sam,Tempo,5,ability,movement,tractor_beam,reload_time,1.5
sam,Tempo,5,ability,movement,tractor_beam,damage_per_shot,0.0
sam,Tempo,5,ability,movement,tractor_beam,burst_dps,0.0
sam,Tempo,5,ability,movement,tractor_beam,sustained_dps,0.0
sam,Tempo,5,ability,cc,friendship_bracelet,cooldown,12.0
sam,Tempo,5,ability,cc,friendship_bracelet,range,600.0
sam,Tempo,5,ability,cc,friendship_bracelet,shots_per_second,2.0
sam,Tempo,5,ability,cc,friendship_bracelet,magazine_size,0
sam,Tempo,5,ability,cc,friendship_bracelet,reload_time,1.5
sam,Tempo,5,ability,cc,friendship_bracelet,damage_per_shot,0.0
sam,Tempo,5,ability,cc,friendship_bracelet,burst_dps,0.0
sam,Tempo,5,ability,cc,friendship_bracelet,sustained_dps,0.0
sam,Tempo,5,ability,cc,friendship_bracelet,values/chain_range,400.0
sam,Tempo,5,ability,cc,friendship_bracelet,values/leash_distance,300.0
sam,Tempo,5,ability,cc,friendship_bracelet,values/heal_share,0.5
sam,Tempo,5,ability,cc,friendship_bracelet,values/link_duration,4.0
sam,Tempo,5,ability,ultimate,close_encounter,cooldown,80.0
sam,Tempo,5,ability,ultimate,close_encounter,values/telegraph,0.4
sam,Tempo,5,ability,ultimate,close_encounter,values/beam_radius,90.0
sam,Tempo,5,ability,ultimate,close_encounter,values/ufo_speed,350.0
sam,Tempo,10,stat,,,health,1035.0
sam,Tempo,10,stat,,,weapon,45.0
sam,Tempo,10,stat,,,magic,110.0
sam,Tempo,10,stat,,,armor,38.0
sam,Tempo,10,stat,,,magic_resist,40.0
sam,Tempo,10,stat,,,move_speed,486.0
sam,Tempo,10,derived,,,effective_hp_physical,1428.3
sam,Tempo,10,derived,,,effective_hp_magic,1449.0
sam,Tempo,10,ability,primary,hello,cooldown,0.0
sam,Tempo,10,ability,primary,hello,range,720.0
sam,Tempo,10,ability,primary,hello,shots_per_second,3.0
sam,Tempo,10,ability,primary,hello,magazine_size,0
sam,Tempo,10,ability,primary,hello,reload_time,1.5
sam,Tempo,10,ability,primary,hello,damage_per_shot,22.7
sam,Tempo,10,ability,primary,hello,burst_dps,68.1
sam,Tempo,10,ability,primary,hello,sustained_dps,68.1
sam,Tempo,10,ability,primary,hello,damage,22.7
sam,Tempo,10,ability,ability_1,hug,cooldown,9.0
sam,Tempo,10,ability,ability_1,hug,range,650.0
sam,Tempo,10,ability,ability_1,hug,shots_per_second,2.0
sam,Tempo,10,ability,ability_1,hug,magazine_size,0
sam,Tempo,10,ability,ability_1,hug,reload_time,1.5
sam,Tempo,10,ability,ability_1,hug,damage_per_shot,0.0
sam,Tempo,10,ability,ability_1,hug,burst_dps,0.0
sam,Tempo,10,ability,ability_1,hug,sustained_dps,0.0
sam,Tempo,10,ability,movement,tractor_beam,cooldown,12.0
sam,Tempo,10,ability,movement,tractor_beam,range,720.0
sam,Tempo,10,ability,movement,tractor_beam,shots_per_second,2.0
sam,Tempo,10,ability,movement,tractor_beam,magazine_size,0
sam,Tempo,10,ability,movement,tractor_beam,reload_time,1.5
sam,Tempo,10,ability,movement,tractor_beam,damage_per_shot,0.0
sam,Tempo,10,ability,movement,tractor_beam,burst_dps,0.0
sam,Tempo,10,ability,movement,tractor_beam,sustained_dps,0.0
sam,Tempo,10,ability,cc,friendship_bracelet,cooldown,12.0
sam,Tempo,10,ability,cc,friendship_bracelet,range,600.0
sam,Tempo,10,ability,cc,friendship_bracelet,shots_per_second,2.0
sam,Tempo,10,ability,cc,friendship_bracelet,magazine_size,0
sam,Tempo,10,ability,cc,friendship_bracelet,reload_time,1.5
sam,Tempo,10,ability,cc,friendship_bracelet,damage_per_shot,0.0
sam,Tempo,10,ability,cc,friendship_bracelet,burst_dps,0.0
sam,Tempo,10,ability,cc,friendship_bracelet,sustained_dps,0.0
sam,Tempo,10,ability,cc,friendship_bracelet,values/chain_range,400.0
sam,Tempo,10,ability,cc,friendship_bracelet,values/leash_distance,300.0
sam,Tempo,10,ability,cc,friendship_bracelet,values/heal_share,0.5
sam,Tempo,10,ability,cc,friendship_bracelet,values/link_duration,4.0
sam,Tempo,10,ability,ultimate,close_encounter,cooldown,80.0
sam,Tempo,10,ability,ultimate,close_encounter,values/telegraph,0.4
sam,Tempo,10,ability,ultimate,close_encounter,values/beam_radius,90.0
sam,Tempo,10,ability,ultimate,close_encounter,values/ufo_speed,350.0
sam,Tempo,15,stat,,,health,1300.0
sam,Tempo,15,stat,,,weapon,56.111
sam,Tempo,15,stat,,,magic,148.889
sam,Tempo,15,stat,,,armor,48.0
sam,Tempo,15,stat,,,magic_resist,50.0
sam,Tempo,15,stat,,,move_speed,486.0
sam,Tempo,15,derived,,,effective_hp_physical,1924.0
sam,Tempo,15,derived,,,effective_hp_magic,1950.0
sam,Tempo,15,ability,primary,hello,cooldown,0.0
sam,Tempo,15,ability,primary,hello,range,720.0
sam,Tempo,15,ability,primary,hello,shots_per_second,3.0
sam,Tempo,15,ability,primary,hello,magazine_size,0
sam,Tempo,15,ability,primary,hello,reload_time,1.5
sam,Tempo,15,ability,primary,hello,damage_per_shot,29.867
sam,Tempo,15,ability,primary,hello,burst_dps,89.6
sam,Tempo,15,ability,primary,hello,sustained_dps,89.6
sam,Tempo,15,ability,primary,hello,damage,29.867
sam,Tempo,15,ability,ability_1,hug,cooldown,9.0
sam,Tempo,15,ability,ability_1,hug,range,650.0
sam,Tempo,15,ability,ability_1,hug,shots_per_second,2.0
sam,Tempo,15,ability,ability_1,hug,magazine_size,0
sam,Tempo,15,ability,ability_1,hug,reload_time,1.5
sam,Tempo,15,ability,ability_1,hug,damage_per_shot,0.0
sam,Tempo,15,ability,ability_1,hug,burst_dps,0.0
sam,Tempo,15,ability,ability_1,hug,sustained_dps,0.0
sam,Tempo,15,ability,movement,tractor_beam,cooldown,12.0
sam,Tempo,15,ability,movement,tractor_beam,range,720.0
sam,Tempo,15,ability,movement,tractor_beam,shots_per_second,2.0
sam,Tempo,15,ability,movement,tractor_beam,magazine_size,0
sam,Tempo,15,ability,movement,tractor_beam,reload_time,1.5
sam,Tempo,15,ability,movement,tractor_beam,damage_per_shot,0.0
sam,Tempo,15,ability,movement,tractor_beam,burst_dps,0.0
sam,Tempo,15,ability,movement,tractor_beam,sustained_dps,0.0
sam,Tempo,15,ability,cc,friendship_bracelet,cooldown,12.0
sam,Tempo,15,ability,cc,friendship_bracelet,range,600.0
sam,Tempo,15,ability,cc,friendship_bracelet,shots_per_second,2.0
sam,Tempo,15,ability,cc,friendship_bracelet,magazine_size,0
sam,Tempo,15,ability,cc,friendship_bracelet,reload_time,1.5
sam,Tempo,15,ability,cc,friendship_bracelet,damage_per_shot,0.0
sam,Tempo,15,ability,cc,friendship_bracelet,burst_dps,0.0
sam,Tempo,15,ability,cc,friendship_bracelet,sustained_dps,0.0
sam,Tempo,15,ability,cc,friendship_bracelet,values/chain_range,400.0
sam,Tempo,15,ability,cc,friendship_bracelet,values/leash_distance,300.0
sam,Tempo,15,ability,cc,friendship_bracelet,values/heal_share,0.5
sam,Tempo,15,ability,cc,friendship_bracelet,values/link_duration,4.0
sam,Tempo,15,ability,ultimate,close_encounter,cooldown,80.0
sam,Tempo,15,ability,ultimate,close_encounter,values/telegraph,0.4
sam,Tempo,15,ability,ultimate,close_encounter,values/beam_radius,90.0
sam,Tempo,15,ability,ultimate,close_encounter,values/ufo_speed,350.0
sam,Tempo,20,stat,,,health,1565.0
sam,Tempo,20,stat,,,weapon,67.222
sam,Tempo,20,stat,,,magic,187.778
sam,Tempo,20,stat,,,armor,58.0
sam,Tempo,20,stat,,,magic_resist,60.0
sam,Tempo,20,stat,,,move_speed,486.0
sam,Tempo,20,derived,,,effective_hp_physical,2472.7
sam,Tempo,20,derived,,,effective_hp_magic,2504.0
sam,Tempo,20,ability,primary,hello,cooldown,0.0
sam,Tempo,20,ability,primary,hello,range,720.0
sam,Tempo,20,ability,primary,hello,shots_per_second,3.0
sam,Tempo,20,ability,primary,hello,magazine_size,0
sam,Tempo,20,ability,primary,hello,reload_time,1.5
sam,Tempo,20,ability,primary,hello,damage_per_shot,37.033
sam,Tempo,20,ability,primary,hello,burst_dps,111.1
sam,Tempo,20,ability,primary,hello,sustained_dps,111.1
sam,Tempo,20,ability,primary,hello,damage,37.033
sam,Tempo,20,ability,ability_1,hug,cooldown,9.0
sam,Tempo,20,ability,ability_1,hug,range,650.0
sam,Tempo,20,ability,ability_1,hug,shots_per_second,2.0
sam,Tempo,20,ability,ability_1,hug,magazine_size,0
sam,Tempo,20,ability,ability_1,hug,reload_time,1.5
sam,Tempo,20,ability,ability_1,hug,damage_per_shot,0.0
sam,Tempo,20,ability,ability_1,hug,burst_dps,0.0
sam,Tempo,20,ability,ability_1,hug,sustained_dps,0.0
sam,Tempo,20,ability,movement,tractor_beam,cooldown,12.0
sam,Tempo,20,ability,movement,tractor_beam,range,720.0
sam,Tempo,20,ability,movement,tractor_beam,shots_per_second,2.0
sam,Tempo,20,ability,movement,tractor_beam,magazine_size,0
sam,Tempo,20,ability,movement,tractor_beam,reload_time,1.5
sam,Tempo,20,ability,movement,tractor_beam,damage_per_shot,0.0
sam,Tempo,20,ability,movement,tractor_beam,burst_dps,0.0
sam,Tempo,20,ability,movement,tractor_beam,sustained_dps,0.0
sam,Tempo,20,ability,cc,friendship_bracelet,cooldown,12.0
sam,Tempo,20,ability,cc,friendship_bracelet,range,600.0
sam,Tempo,20,ability,cc,friendship_bracelet,shots_per_second,2.0
sam,Tempo,20,ability,cc,friendship_bracelet,magazine_size,0
sam,Tempo,20,ability,cc,friendship_bracelet,reload_time,1.5
sam,Tempo,20,ability,cc,friendship_bracelet,damage_per_shot,0.0
sam,Tempo,20,ability,cc,friendship_bracelet,burst_dps,0.0
sam,Tempo,20,ability,cc,friendship_bracelet,sustained_dps,0.0
sam,Tempo,20,ability,cc,friendship_bracelet,values/chain_range,400.0
sam,Tempo,20,ability,cc,friendship_bracelet,values/leash_distance,300.0
sam,Tempo,20,ability,cc,friendship_bracelet,values/heal_share,0.5
sam,Tempo,20,ability,cc,friendship_bracelet,values/link_duration,4.0
sam,Tempo,20,ability,ultimate,close_encounter,cooldown,80.0
sam,Tempo,20,ability,ultimate,close_encounter,values/telegraph,0.4
sam,Tempo,20,ability,ultimate,close_encounter,values/beam_radius,90.0
sam,Tempo,20,ability,ultimate,close_encounter,values/ufo_speed,350.0
tilly,Flex,1,stat,,,health,522.0
tilly,Flex,1,stat,,,weapon,30.0
tilly,Flex,1,stat,,,magic,40.0
tilly,Flex,1,stat,,,armor,20.0
tilly,Flex,1,stat,,,magic_resist,22.0
tilly,Flex,1,stat,,,move_speed,486.0
tilly,Flex,1,derived,,,effective_hp_physical,626.4
tilly,Flex,1,derived,,,effective_hp_magic,636.84
tilly,Flex,1,ability,primary,bouncy_balls,cooldown,0.0
tilly,Flex,1,ability,primary,bouncy_balls,range,1100.0
tilly,Flex,1,ability,primary,bouncy_balls,shots_per_second,2.5
tilly,Flex,1,ability,primary,bouncy_balls,magazine_size,0
tilly,Flex,1,ability,primary,bouncy_balls,reload_time,1.5
tilly,Flex,1,ability,primary,bouncy_balls,damage_per_shot,21.0
tilly,Flex,1,ability,primary,bouncy_balls,burst_dps,52.5
tilly,Flex,1,ability,primary,bouncy_balls,sustained_dps,52.5
tilly,Flex,1,ability,primary,bouncy_balls,damage,21.0
tilly,Flex,1,ability,ability_1,trampoline,cooldown,11.0
tilly,Flex,1,ability,ability_1,trampoline,range,500.0
tilly,Flex,1,ability,ability_1,trampoline,max_offset,700.0
tilly,Flex,1,ability,ability_1,trampoline,pad_lifetime,10.0
tilly,Flex,1,ability,ability_1,trampoline,pad_max_launches,4
tilly,Flex,1,ability,movement,cartwheel,cooldown,8.0
tilly,Flex,1,ability,cc,all_eyes_on_me,cooldown,12.0
tilly,Flex,1,ability,cc,all_eyes_on_me,range,300.0
tilly,Flex,1,ability,cc,all_eyes_on_me,status_duration,1.25
tilly,Flex,1,ability,cc,all_eyes_on_me,strength_alone,1.0
tilly,Flex,1,ability,ultimate,safety_net,cooldown,100.0
tilly,Flex,1,ability,ultimate,safety_net,range,600.0
tilly,Flex,1,ability,ultimate,safety_net,zone_duration,6.0
tilly,Flex,1,ability,passive,crumple_zone,cooldown,0.0
tilly,Flex,5,stat,,,health,738.0
tilly,Flex,5,stat,,,weapon,43.333
tilly,Flex,5,stat,,,magic,66.667
tilly,Flex,5,stat,,,armor,28.0
tilly,Flex,5,stat,,,magic_resist,30.0
tilly,Flex,5,stat,,,move_speed,486.0
tilly,Flex,5,derived,,,effective_hp_physical,944.64
tilly,Flex,5,derived,,,effective_hp_magic,959.4
tilly,Flex,5,ability,primary,bouncy_balls,cooldown,0.0
tilly,Flex,5,ability,primary,bouncy_balls,range,1100.0
tilly,Flex,5,ability,primary,bouncy_balls,shots_per_second,2.5
tilly,Flex,5,ability,primary,bouncy_balls,magazine_size,0
tilly,Flex,5,ability,primary,bouncy_balls,reload_time,1.5
tilly,Flex,5,ability,primary,bouncy_balls,damage_per_shot,28.733
tilly,Flex,5,ability,primary,bouncy_balls,burst_dps,71.833
tilly,Flex,5,ability,primary,bouncy_balls,sustained_dps,71.833
tilly,Flex,5,ability,primary,bouncy_balls,damage,28.733
tilly,Flex,5,ability,ability_1,trampoline,cooldown,11.0
tilly,Flex,5,ability,ability_1,trampoline,range,500.0
tilly,Flex,5,ability,ability_1,trampoline,max_offset,700.0
tilly,Flex,5,ability,ability_1,trampoline,pad_lifetime,10.0
tilly,Flex,5,ability,ability_1,trampoline,pad_max_launches,4
tilly,Flex,5,ability,movement,cartwheel,cooldown,8.0
tilly,Flex,5,ability,cc,all_eyes_on_me,cooldown,12.0
tilly,Flex,5,ability,cc,all_eyes_on_me,range,300.0
tilly,Flex,5,ability,cc,all_eyes_on_me,status_duration,1.25
tilly,Flex,5,ability,cc,all_eyes_on_me,strength_alone,1.0
tilly,Flex,5,ability,ultimate,safety_net,cooldown,100.0
tilly,Flex,5,ability,ultimate,safety_net,range,600.0
tilly,Flex,5,ability,ultimate,safety_net,zone_duration,6.0
tilly,Flex,5,ability,passive,crumple_zone,cooldown,0.0
tilly,Flex,10,stat,,,health,1008.0
tilly,Flex,10,stat,,,weapon,60.0
tilly,Flex,10,stat,,,magic,100.0
tilly,Flex,10,stat,,,armor,38.0
tilly,Flex,10,stat,,,magic_resist,40.0
tilly,Flex,10,stat,,,move_speed,486.0
tilly,Flex,10,derived,,,effective_hp_physical,1391.04
tilly,Flex,10,derived,,,effective_hp_magic,1411.2
tilly,Flex,10,ability,primary,bouncy_balls,cooldown,0.0
tilly,Flex,10,ability,primary,bouncy_balls,range,1100.0
tilly,Flex,10,ability,primary,bouncy_balls,shots_per_second,2.5
tilly,Flex,10,ability,primary,bouncy_balls,magazine_size,0
tilly,Flex,10,ability,primary,bouncy_balls,reload_time,1.5
tilly,Flex,10,ability,primary,bouncy_balls,damage_per_shot,38.4
tilly,Flex,10,ability,primary,bouncy_balls,burst_dps,96.0
tilly,Flex,10,ability,primary,bouncy_balls,sustained_dps,96.0
tilly,Flex,10,ability,primary,bouncy_balls,damage,38.4
tilly,Flex,10,ability,ability_1,trampoline,cooldown,11.0
tilly,Flex,10,ability,ability_1,trampoline,range,500.0
tilly,Flex,10,ability,ability_1,trampoline,max_offset,700.0
tilly,Flex,10,ability,ability_1,trampoline,pad_lifetime,10.0
tilly,Flex,10,ability,ability_1,trampoline,pad_max_launches,4
tilly,Flex,10,ability,movement,cartwheel,cooldown,8.0
tilly,Flex,10,ability,cc,all_eyes_on_me,cooldown,12.0
tilly,Flex,10,ability,cc,all_eyes_on_me,range,300.0
tilly,Flex,10,ability,cc,all_eyes_on_me,status_duration,1.25
tilly,Flex,10,ability,cc,all_eyes_on_me,strength_alone,1.0
tilly,Flex,10,ability,ultimate,safety_net,cooldown,100.0
tilly,Flex,10,ability,ultimate,safety_net,range,600.0
tilly,Flex,10,ability,ultimate,safety_net,zone_duration,6.0
tilly,Flex,10,ability,passive,crumple_zone,cooldown,0.0
tilly,Flex,15,stat,,,health,1278.0
tilly,Flex,15,stat,,,weapon,76.666
tilly,Flex,15,stat,,,magic,133.334
tilly,Flex,15,stat,,,armor,48.0
tilly,Flex,15,stat,,,magic_resist,50.0
tilly,Flex,15,stat,,,move_speed,486.0
tilly,Flex,15,derived,,,effective_hp_physical,1891.44
tilly,Flex,15,derived,,,effective_hp_magic,1917.0
tilly,Flex,15,ability,primary,bouncy_balls,cooldown,0.0
tilly,Flex,15,ability,primary,bouncy_balls,range,1100.0
tilly,Flex,15,ability,primary,bouncy_balls,shots_per_second,2.5
tilly,Flex,15,ability,primary,bouncy_balls,magazine_size,0
tilly,Flex,15,ability,primary,bouncy_balls,reload_time,1.5
tilly,Flex,15,ability,primary,bouncy_balls,damage_per_shot,48.066
tilly,Flex,15,ability,primary,bouncy_balls,burst_dps,120.166
tilly,Flex,15,ability,primary,bouncy_balls,sustained_dps,120.166
tilly,Flex,15,ability,primary,bouncy_balls,damage,48.066
tilly,Flex,15,ability,ability_1,trampoline,cooldown,11.0
tilly,Flex,15,ability,ability_1,trampoline,range,500.0
tilly,Flex,15,ability,ability_1,trampoline,max_offset,700.0
tilly,Flex,15,ability,ability_1,trampoline,pad_lifetime,10.0
tilly,Flex,15,ability,ability_1,trampoline,pad_max_launches,4
tilly,Flex,15,ability,movement,cartwheel,cooldown,8.0
tilly,Flex,15,ability,cc,all_eyes_on_me,cooldown,12.0
tilly,Flex,15,ability,cc,all_eyes_on_me,range,300.0
tilly,Flex,15,ability,cc,all_eyes_on_me,status_duration,1.25
tilly,Flex,15,ability,cc,all_eyes_on_me,strength_alone,1.0
tilly,Flex,15,ability,ultimate,safety_net,cooldown,100.0
tilly,Flex,15,ability,ultimate,safety_net,range,600.0
tilly,Flex,15,ability,ultimate,safety_net,zone_duration,6.0
tilly,Flex,15,ability,passive,crumple_zone,cooldown,0.0
tilly,Flex,20,stat,,,health,1548.0
tilly,Flex,20,stat,,,weapon,93.333
tilly,Flex,20,stat,,,magic,166.667
tilly,Flex,20,stat,,,armor,58.0
tilly,Flex,20,stat,,,magic_resist,60.0
tilly,Flex,20,stat,,,move_speed,486.0
tilly,Flex,20,derived,,,effective_hp_physical,2445.84
tilly,Flex,20,derived,,,effective_hp_magic,2476.8
tilly,Flex,20,ability,primary,bouncy_balls,cooldown,0.0
tilly,Flex,20,ability,primary,bouncy_balls,range,1100.0
tilly,Flex,20,ability,primary,bouncy_balls,shots_per_second,2.5
tilly,Flex,20,ability,primary,bouncy_balls,magazine_size,0
tilly,Flex,20,ability,primary,bouncy_balls,reload_time,1.5
tilly,Flex,20,ability,primary,bouncy_balls,damage_per_shot,57.733
tilly,Flex,20,ability,primary,bouncy_balls,burst_dps,144.333
tilly,Flex,20,ability,primary,bouncy_balls,sustained_dps,144.333
tilly,Flex,20,ability,primary,bouncy_balls,damage,57.733
tilly,Flex,20,ability,ability_1,trampoline,cooldown,11.0
tilly,Flex,20,ability,ability_1,trampoline,range,500.0
tilly,Flex,20,ability,ability_1,trampoline,max_offset,700.0
tilly,Flex,20,ability,ability_1,trampoline,pad_lifetime,10.0
tilly,Flex,20,ability,ability_1,trampoline,pad_max_launches,4
tilly,Flex,20,ability,movement,cartwheel,cooldown,8.0
tilly,Flex,20,ability,cc,all_eyes_on_me,cooldown,12.0
tilly,Flex,20,ability,cc,all_eyes_on_me,range,300.0
tilly,Flex,20,ability,cc,all_eyes_on_me,status_duration,1.25
tilly,Flex,20,ability,cc,all_eyes_on_me,strength_alone,1.0
tilly,Flex,20,ability,ultimate,safety_net,cooldown,100.0
tilly,Flex,20,ability,ultimate,safety_net,range,600.0
tilly,Flex,20,ability,ultimate,safety_net,zone_duration,6.0
tilly,Flex,20,ability,passive,crumple_zone,cooldown,0.0
